-- phpMyAdmin SQL Dump
-- version 5.2.1
-- https://www.phpmyadmin.net/
--
-- Hôte : 127.0.0.1
-- Généré le : mar. 03 sep. 2024 à 18:48
-- Version du serveur : 10.4.32-MariaDB
-- Version de PHP : 7.4.33

SET SQL_MODE = "NO_AUTO_VALUE_ON_ZERO";
START TRANSACTION;
SET time_zone = "+00:00";


/*!40101 SET @OLD_CHARACTER_SET_CLIENT=@@CHARACTER_SET_CLIENT */;
/*!40101 SET @OLD_CHARACTER_SET_RESULTS=@@CHARACTER_SET_RESULTS */;
/*!40101 SET @OLD_COLLATION_CONNECTION=@@COLLATION_CONNECTION */;
/*!40101 SET NAMES utf8mb4 */;

--
-- Base de données : `dstj2742_diagcomp`
--

-- --------------------------------------------------------

--
-- Structure de la table `categorie_questions`
--

CREATE TABLE `categorie_questions` (
  `ID_categ` int(1) NOT NULL,
  `Libelle_Categorie` varchar(59) DEFAULT NULL
) ENGINE=InnoDB DEFAULT CHARSET=utf8 COLLATE=utf8_general_ci;

--
-- Déchargement des données de la table `categorie_questions`
--

INSERT INTO `categorie_questions` (`ID_categ`, `Libelle_Categorie`) VALUES
(1, 'Communication en Français'),
(2, 'Communication dans une langue étrangère'),
(3, 'Culture mathématique'),
(4, 'Culture numérique'),
(5, 'Apprendre à apprendre'),
(6, 'Compétences interpersonnelles, interculturelles et sociales'),
(7, 'Esprit d’entreprise');

-- --------------------------------------------------------

--
-- Structure de la table `categorie_reponses`
--

CREATE TABLE `categorie_reponses` (
  `ID_categ_reponse` int(2) NOT NULL,
  `Cle_categ_reponses` varchar(3) DEFAULT NULL,
  `Libelle_categ_reponse` varchar(59) DEFAULT NULL,
  `ID_categ_question` int(1) DEFAULT NULL
) ENGINE=InnoDB DEFAULT CHARSET=utf8 COLLATE=utf8_general_ci;

--
-- Déchargement des données de la table `categorie_reponses`
--

INSERT INTO `categorie_reponses` (`ID_categ_reponse`, `Cle_categ_reponses`, `Libelle_categ_reponse`, `ID_categ_question`) VALUES
(1, 'AAA', 'Apprendre à apprendre', 5),
(2, 'CDA', 'Capacité d’argumentation', 0),
(3, 'CDC', 'Capacité de communication', 0),
(4, 'CLE', 'Communication dans une langue étrangère', 2),
(5, 'CEF', 'Communication en Français', 1),
(6, 'CIS', 'Compétences interpersonnelles, interculturelles et sociales', 6),
(7, 'CUM', 'Culture mathématique', 3),
(8, 'CUN', 'Culture numérique', 4),
(9, 'EDE', 'Esprit d’entreprise', 7),
(10, 'ECU', 'Expression culturelle', 0),
(11, 'GDS', 'Gestion du stress', 0),
(12, 'IVQ', 'Intérêt pour la vie quotidienne', 0),
(13, 'MAA', 'Motivation à apprendre', 0),
(14, 'SET', 'Sciences et technologie', 0);

-- --------------------------------------------------------

--
-- Structure de la table `questions`
--

CREATE TABLE `questions` (
  `ID_question` int(3) NOT NULL,
  `Libelle_question` varchar(266) DEFAULT NULL,
  `ID_categ_question` int(1) DEFAULT NULL
) ENGINE=InnoDB DEFAULT CHARSET=utf8 COLLATE=utf8_general_ci;

--
-- Déchargement des données de la table `questions`
--

INSERT INTO `questions` (`ID_question`, `Libelle_question`, `ID_categ_question`) VALUES
(320, 'Estimez votre niveau en français :', 1),
(321, 'Quel est l’antonyme d’altruiste ?', 1),
(322, 'L’expression « C’est malin ! » est :', 1),
(323, 'Combien y a-t-il de fautes d’orthographe dans la phrase : « Nathalie s’est rendue compte que durant ces quatres derniers mois, elle n’avais rien fait de très intéressants » ?', 1),
(324, 'Quel mot est un synonyme de « urbain » ?', 1),
(325, 'Vous devez rédiger une lettre de motivation. Comment procédez-vous ?', 1),
(326, 'Qu’est-ce qu’un alexandrin ?', 1),
(327, 'Présenter un exposé oral devant un groupe de dix personnes, c’est :', 1),
(328, 'L’expression « descendre en bas » est :', 1),
(329, 'Avez-vous déjà rédigé un document de plus de dix pages (rapport de stage, mémoire...) ?', 1),
(330, 'Vous pensez avoir un bon niveau en :', 1),
(331, 'A quel temps de l’indicatif est la phrase : « Je marchai malgré moi en direction du nord » ?', 1),
(332, 'Quel verbe n’est pas au futur simple de l’indicatif ?', 1),
(333, 'Combien de livres lisez-vous par mois ?', 1),
(334, 'Vous préférez lire :', 1),
(335, 'Si vous entendez un mot que vous ne connaissez pas :', 1),
(336, 'Il y a quinze jours que vous avez répondu à une offre d\'emploi. Vous n’avez pas de nouvelles. Que faites-vous ?', 1),
(337, 'Lorsque vos amis échangent autour d’un sujet d’actualités :', 1),
(338, 'Parlez-vous une autre langue que le français ?', 2),
(339, 'Lorsque vous écoutez une chanson d’un artiste anglophone :', 2),
(340, 'Regarder un film en version originale, cela vous arrive :', 2),
(341, 'Lire Harry Potter (ou autre) dans une langue étrangère :', 2),
(342, 'Il vous arrive de lire la presse étrangère, imprimée ou en ligne :', 2),
(343, 'Avez-vous déjà été amené à discuter avec des étrangers dont vous ne connaissiez qu’un peu la langue ?', 2),
(344, 'Vous parlez une autre langue que votre langue maternelle :', 2),
(345, 'Exprimer votre opinion dans une autre langue que le français, c\'est :', 2),
(346, 'Communiquer par écrit dans une autre langue que le français :', 2),
(347, 'Si vous aviez la possibilité d\'apprendre une langue étrangère en suivant quatre heures de cours du soir par semaine :', 2),
(348, 'Estimez votre niveau en mathématiques :', 3),
(349, 'Quand vous allez dans un supermarché :', 3),
(350, 'Si vous devez multiplier 125 par 11 :', 3),
(351, 'Un jean qui coûte normalement 50 euros est vendu avec 60 % de réduction. Combien allez-vous le payer ?', 3),
(352, 'Au supermarché, « Pour deux produits identiques achetés, le deuxième est à moitié prix ». Vous prenez deux paquets de riz à 1,20 € le paquet et deux boîtes de thon à 0,80 € la boîte. Combien allez-vous payer ?', 3),
(353, 'Vous gérez votre budget :', 3),
(354, 'Igor vient de recevoir ses bourses universitaires de 420 euros. Il avait un découvert de 70 €. Il doit payer sa chambre universitaire 100 € et rembourser 45 € à Natacha. Au supermarché, il dépense 98 €. En sortant, il craque sur des baskets à 135 €. Son compte est :', 3),
(355, 'Vous achetez deux kilos et demi de pêches à 3 euros le kilo. Combien allez-vous payer ?', 3),
(356, 'Vous allez chez un ami qui habite à 220 kilomètres. Sur les 130 premiers kilomètres d\'autoroute vous roulez à 130 km/heure. Sur les 90 derniers kilomètres vous êtes limité à 90 km/heure. Combien de temps faut-il si tout se passe bien ?', 3),
(357, 'Lorsque vous partez en vacances, vous évaluez le temps de trajet :', 3),
(358, 'Vous décidez de peindre le plafond rectangulaire de votre salon. Pour connaître la quantité de peinture dont vous avez besoin :', 3),
(359, 'Vous commencez un stage dans un supermarché. Sur le planning, l’horaire du lundi est de 6h15 à 13h30. Pour votre cumul mensuel, vous noterez un temps de travail le lundi de :', 3),
(360, 'S\'il faut une minute pour scier une bûche, quel est le temps nécessaire pour la couper en dix morceaux ?', 3),
(361, 'Comment calcule-t-on la circonférence (C) d\'un cercle ?', 3),
(362, 'Le passage de l\'eau en vapeur d\'eau s\'appelle :', 3),
(363, 'Quelle est l\'unité de mesure du bruit ambiant ?', 3),
(364, 'Le gaz le plus présent dans l\'atmosphère terrestre est :', 3),
(365, 'La quantité d\'eau qu\'un sol est capable de retenir s\'appelle :', 3),
(366, 'Quelle planète est la plus proche du soleil ?', 3),
(367, 'Parmi ces pratiques, laquelle n\'est pas une science ?', 3),
(368, 'Qu\'est-ce que le CAC40 ? \r\n', 3),
(369, 'Qui est à  l\'origine de la formule « e = mc² » ?', 3),
(370, 'Le compostage est une technique qui permet de :', 3),
(371, 'Le chlorure de sodium (NaCl) est plus communément appelé :', 3),
(372, 'L\'intensité du courant électrique se mesure en :', 3),
(373, 'Qui est connu pour ses théories sur l\'évolution des espèces ?', 3),
(374, 'La rose des vents réfère :', 3),
(375, 'Les cinq sens de l\'homme sont :', 3),
(376, 'Le premier homme ayant accompli le rêve de marcher sur la lune est :', 3),
(377, 'Parmi ces maladies, laquelle n\'est pas considérée comme infantile ?', 3),
(378, 'Que signifie le sigle IRM ?', 3),
(379, 'Vous et l\'informatique, c\'est :', 4),
(380, 'Je veux envoyer un mail à un client et une copie à mon responsable, sans que le client soit au courant…', 4),
(381, 'Vous utilisez le plus souvent un ordinateur pour :', 4),
(382, 'Vous recevez un mail de votre banque vous demandant de réinitialiser votre mot de passe en cliquant sur le lien joint…', 4),
(383, 'Qu\'est-ce que le Wi-Fi ?', 4),
(384, 'Quelle adresse correspond bien à un site officiel de l’administration française ?', 4),
(385, 'Qu\'est-ce qu\'un moteur de recherche ?', 4),
(386, 'Quelle adresse mail est correcte ?', 4),
(387, 'Quelle est la bonne URL ?', 4),
(388, 'Qu\'est-ce qui permet de retrouver les derniers sites web consultés ?', 4),
(389, 'Quel mot de passe utiliser pour protéger ses comptes sur les réseaux sociaux ?', 4),
(390, 'Quel dispositif permet de s\'identifier sur un service en ligne de l’administration par l\'intermédiaire d\'un compte existant (impots.gouv.fr, ameli.fr…) ?', 4),
(391, 'Que signifient les lettres HTTPS en tête d’une URL ?', 4),
(392, 'Vous remplissez un formulaire en ligne qui permet d’envoyer des fichiers jusqu’à 3 Mo…', 4),
(393, 'En informatique, que signifie le sigle PDF ?', 4),
(394, 'En informatique, qu’est ce qu’un cookie ?', 4),
(395, 'Qu\'est-ce qu\'un fichier informatique ?', 4),
(396, 'Vous avez rédigé une lettre de motivation avec un traitement de texte. Vous souhaitez vous en inspirer pour en écrire une autre. Quelle procédure allez-vous suivre ?', 4),
(397, 'A quoi sert la corbeille sur un ordinateur ?', 4),
(398, 'Quel élément n’est pas fait pour mémoriser de l\'information ?', 4),
(399, 'Pour enregistrer sur clé USB un fichier ouvert sur votre ordinateur, il faut :', 4),
(400, 'Quelle est la tâche la plus compliquée de cette liste que vous pouvez réaliser ?', 4),
(401, 'Pour vous apprendre, c\'est :', 5),
(402, 'Pour apprendre de nouvelles choses, vous préférez :', 5),
(403, 'A l\'école, avant une interrogation écrite :', 5),
(404, 'Dans trois semaines, vous avez un exposé à  présenter :', 5),
(405, 'Votre neveu qui est en 6ème rencontre des difficultés en français et en mathématiques :', 5),
(406, 'Vous passez un concours où il y a des questions sur l\'actualité :', 5),
(407, 'Pour quelle raison seriez-vous amené à ne pas apprécier un cours, une conférence ou un débat ?', 5),
(408, 'La formation tout au long de la vie :', 5),
(409, 'Vous avez vu un reportage passionnant sur les charpentes métalliques. Vous vous verriez bien dans ce domaine.', 5),
(410, 'Votre employeur vous propose de suivre une formation en gestion du stress pendant vos heures de travail :', 5),
(411, 'Votre employeur vous questionne sur vos besoins en formation :', 5),
(412, 'Internet, c\'est d\'abord :', 5),
(413, 'Lors d\'une situation conflictuelle avec un proche, vous avez tendance à  :', 6),
(414, 'Votre soeur, qui habite loin de chez vous, vient vous rendre visite par surprise pour quelques jours. Malheureusement, vous travaillez :', 6),
(415, 'Vous n\'avez pas perçu votre allocation logement depuis trois mois :', 6),
(416, 'Vous discutez avec un ami qui tient des propos racistes :', 6),
(417, 'Vous êtes invité au mariage d’un collègue de votre conjoint, mais vous ne connaissez personne :', 6),
(418, 'Quand, adolescent, vos parents vous interdisaient une sortie, vous étiez du genre :', 6),
(419, 'Pour vous, voyager à l\'étranger, c\'est :', 6),
(420, 'Toute la journée, vous avez subi une forte pression de votre supérieur. Une fois la journée terminée, vous :', 6),
(421, 'Si vous quittiez la France, vous partiriez :', 6),
(422, 'Dans le bus, lorsqu\'une personne vient s\'asseoir à côté de vous, que pensez-vous ?', 6),
(423, 'Une de vos connaissances vous téléphone. Elle vient de se séparer et se retrouve seule.', 6),
(424, 'Avez-vous eu l\'occasion de voyager à  l\'étranger ?', 6),
(425, 'Lors d\'un voyage, ce qui vous plaît le plus c\'est :', 6),
(426, 'Échangez-vous avec des personnes ayant une autre culture que la vôtre ?', 6),
(427, 'Votre journée de travail est terminée. Vous n\'avez pas fini ce que vous étiez en train de faire. Vous en avez encore pour 10 minutes :', 7),
(428, 'Votre responsable propose de participer à des cercles de qualité afin d\'améliorer le fonctionnement de l\'entreprise :', 7),
(429, 'Vous êtes en stage, vous avez fini le travail demandé par votre tuteur :', 7),
(430, 'Votre entreprise installe un logiciel qui impliquera un changement dans votre travail.', 7),
(431, 'Mettre en place de nouveaux projets :', 7),
(432, 'Votre commune lance un appel pour organiser un événement lors du mardi-gras :', 7),
(433, 'Au travail, vous commettez une erreur. Votre chef s\'en aperçoit :', 7),
(434, 'Lorsque vous commettez une erreur :', 7),
(435, 'Plus jeune :', 7),
(436, 'Parmi ces quatre traits de caractère, lequel jugez-vous indispensable pour un patron ?', 7),
(437, 'Être patron, pour vous, c\'est :', 7),
(438, 'A quoi associeriez-vous la réussite professionnelle ?', 7),
(439, 'Quel besoin correspond davantage à votre personnalité ?', 7),
(440, 'Vous faites :', 7),
(441, 'En discothèque, vous passez votre soirée :', 7),
(442, 'Parmi ces quatre femmes, laquelle se rapproche le plus de votre personnalité ?', 7),
(443, 'Vous pourriez devenir :', 7),
(444, 'Pendant votre temps libre :', 7),
(445, 'Que choisiriez-vous ?', 7),
(446, 'Qui voudriez-vous rencontrer ?', 7),
(447, 'Qu’est-ce qui n’est généralement pas associé à la culture française ?', 7),
(448, 'Les loisirs créatifs, la couture, la décoration, le bricolage... vous en faites :', 7),
(449, 'Quel métier exerceriez-vous avec plaisir ?', 7),
(450, 'Pour la décoration de votre appartement :', 7),
(451, 'Lorsque vous faites vos cadeaux de Noël,', 7),
(452, 'Laquelle de ces expressions vous correspond le mieux :', 7);

-- --------------------------------------------------------

--
-- Structure de la table `reponses`
--

CREATE TABLE `reponses` (
  `ID_reponse` int(3) NOT NULL,
  `Libelle_reponse` varchar(145) DEFAULT NULL,
  `JSON_points_reponse` varchar(121) DEFAULT NULL,
  `ID_Question_reponse` int(3) DEFAULT NULL
) ENGINE=InnoDB DEFAULT CHARSET=utf8 COLLATE=utf8_general_ci;

--
-- Déchargement des données de la table `reponses`
--

INSERT INTO `reponses` (`ID_reponse`, `Libelle_reponse`, `JSON_points_reponse`, `ID_Question_reponse`) VALUES
(1, 'Vous comprenez si la personne parle lentement sans employer de mots compliqués', '[{\"name\": \"CEF\", \"point\":25 }]', 320),
(2, 'Vous êtes à l’aise avec les choses familières au travail, à l\'école ou aux loisirs', '[{\"name\": \"CEF\", \"point\":50 }]', 320),
(3, 'Vous êtes à l’aise avec les choses familières mais aussi dans les domaines techniques liés au travail et à l’actualité', '[{\"name\": \"CEF\", \"point\":75 }]', 320),
(4, 'Vous comprenez sans effort tout ce qui est lu ou entendu (littérature, débat, manuel technique…)', '[{\"name\": \"CEF\", \"point\":100 }]', 320),
(5, 'Généreux', '[{\"name\": \"CEF\", \"point\":0 }]', 321),
(6, 'Individualiste', '[{\"name\": \"CEF\", \"point\":100 }]', 321),
(7, 'Fraternel', '[{\"name\": \"CEF\", \"point\":0 }]', 321),
(8, 'Radin', '[{\"name\": \"CEF\", \"point\":25 }]', 321),
(9, 'Un pléonasme', '[{\"name\": \"CEF\", \"point\":0 }]', 322),
(10, 'Une métaphore', '[{\"name\": \"CEF\", \"point\":0 }]', 322),
(11, 'Ironique', '[{\"name\": \"CEF\", \"point\":100 }]', 322),
(12, 'Un euphémisme', '[{\"name\": \"CEF\", \"point\":0 }]', 322),
(13, '1', '[{\"name\": \"CEF\", \"point\":0 }]', 323),
(14, '2', '[{\"name\": \"CEF\", \"point\":0 }]', 323),
(15, '3', '[{\"name\": \"CEF\", \"point\":25 }]', 323),
(16, '4', '[{\"name\": \"CEF\", \"point\":100 }]', 323),
(17, 'Champêtre', '[{\"name\": \"CEF\", \"point\":0 }]', 324),
(18, 'Rural', '[{\"name\": \"CEF\", \"point\":0 }]', 324),
(19, 'Citadin', '[{\"name\": \"CEF\", \"point\":100 }]', 324),
(20, 'Agreste', '[{\"name\": \"CEF\", \"point\":0 }]', 324),
(21, 'Vous écrivez votre lettre sans brouillon', '[{\"name\": \"CEF\", \"point\":0 }]', 325),
(22, 'Vous demandez de l\'aide à une personne de votre entourage ou à un professionnel', '[{\"name\": \"CEF\", \"point\":75 }]', 325),
(23, 'Vous rédigez une première lettre au brouillon', '[{\"name\": \"CEF\", \"point\":100 }]', 325),
(24, 'Vous cherchez des modèles de lettre de motivation sur Internet afin de vous en inspirer pour rédiger la vôtre', '[{\"name\": \"CEF\", \"point\":50 }]', 325),
(25, 'Un vers à douze syllabes', '[{\"name\": \"CEF\", \"point\":100 }]', 326),
(26, 'Un député de la ville d\'Alexandrie', '[{\"name\": \"CEF\", \"point\":0 }]', 326),
(27, 'Un vers à huit syllabes', '[{\"name\": \"CEF\", \"point\":50 }]', 326),
(28, 'Un sénateur de la ville d\'Alexandrie', '[{\"name\": \"CEF\", \"point\":0 }]', 326),
(29, 'Un exercice facile', '[{\"name\": \"GDS\", \"point\":100 },{\"name\": \"CEF\", \"point\":100 }]', 327),
(30, 'Un temps de préparation important', '[{\"name\": \"CEF\", \"point\":75 }]', 327),
(31, 'Un cumul de nuits blanches avant le jour J', '[{\"name\": \"CEF\", \"point\":25 }]', 327),
(32, 'Une source d\'appréhension impossible à surmonter', '[{\"name\": \"CEF\", \"point\":0 }]', 327),
(33, 'Un pléonasme', '[{\"name\": \"CEF\", \"point\":100 }]', 328),
(34, 'Une métaphore', '[{\"name\": \"CEF\", \"point\":0 }]', 328),
(35, 'Ironique', '[{\"name\": \"CEF\", \"point\":0 }]', 328),
(36, 'Un euphémisme', '[{\"name\": \"CEF\", \"point\":0 }]', 328),
(37, 'Jamais', '[{\"name\": \"CEF\", \"point\":0 }]', 329),
(38, 'Parfois', '[{\"name\": \"CEF\", \"point\":50 }]', 329),
(39, 'Souvent', '[{\"name\": \"CEF\", \"point\":100 }]', 329),
(40, 'Grammaire', '[{\"name\": \"CEF\", \"point\":50 }]', 330),
(41, 'Orthographe', '[{\"name\": \"CEF\", \"point\":50 }]', 330),
(42, 'Conjugaison', '[{\"name\": \"CEF\", \"point\":50 }]', 330),
(43, '2 des 3', '[{\"name\": \"CEF\", \"point\":75 }]', 330),
(44, 'Les 3', '[{\"name\": \"CEF\", \"point\":100 }]', 330),
(45, 'Aucun des 3', '[{\"name\": \"CEF\", \"point\":0 }]', 330),
(46, 'Passé antérieur', '[{\"name\": \"CEF\", \"point\":0 }]', 331),
(47, 'Imparfait', '[{\"name\": \"CEF\", \"point\":0 }]', 331),
(48, 'Passé simple', '[{\"name\": \"CEF\", \"point\":100 }]', 331),
(49, 'Plus que parfait', '[{\"name\": \"CEF\", \"point\":0 }]', 331),
(50, 'Je courrai', '[{\"name\": \"CEF\", \"point\":0 }]', 332),
(51, 'Tu viendras', '[{\"name\": \"CEF\", \"point\":0 }]', 332),
(52, 'Ils voyagèrent', '[{\"name\": \"CEF\", \"point\":100 }]', 332),
(53, 'Nous serons', '[{\"name\": \"CEF\", \"point\":0 }]', 332),
(54, 'Plusieurs', '[{\"name\": \"CEF\", \"point\":100 }]', 333),
(55, 'Vous essayez d\'en lire un', '[{\"name\": \"CEF\", \"point\":75 }]', 333),
(56, 'Vous n\'en lisez que deux ou trois par an', '[{\"name\": \"CEF\", \"point\":25 }]', 333),
(57, 'Vous ne lisez presque jamais de livres', '[{\"name\": \"CEF\", \"point\":0 }]', 333),
(58, 'La presse quotidienne', '[{\"name\": \"IVQ\", \"point\":100 },{\"name\": \"CEF\", \"point\":100 }]', 334),
(59, 'Un manga', '[{\"name\": \"CEF\", \"point\":75 }]', 334),
(60, 'Les notifications de vos applications', '[{\"name\": \"CEF\", \"point\":25 }]', 334),
(61, 'Des posts sur Instagram', '[{\"name\": \"CEF\", \"point\":25 }]', 334),
(62, 'Un roman', '[{\"name\": \"CEF\", \"point\":100 }]', 334),
(63, 'Rien', '[{\"name\": \"CEF\", \"point\":0 }]', 334),
(64, 'Vous l\'oubliez rapidement', '[{\"name\": \"CEF\", \"point\":0 }]', 335),
(65, 'Vous le notez et cherchez sa définition', '[{\"name\": \"CEF\", \"point\":100 },{\"name\": \"ESC\", \"point\":100 }]', 335),
(66, 'Vous le répétez plusieurs fois pour le retenir', '[{\"name\": \"CEF\", \"point\":75 }]', 335),
(67, 'Vous l\'utilisez très souvent', '[{\"name\": \"CEF\", \"point\":50 }]', 335),
(68, 'Vous attendez, vous finirez par recevoir un courrier', '[{\"name\": \"CEF\", \"point\":0 }]', 336),
(69, 'Vous vous rendez à l\'entreprise pour savoir ce qu\'il en est', '[{\"name\": \"GDS\", \"point\":100 },{\"name\": \"CEF\", \"point\":75 },{\"name\": \"IDD\", \"point\":100 }]', 336),
(70, 'Vous vous laissez une semaine avant de contacter l\'entreprise', '[{\"name\": \"CEF\", \"point\":50 }]', 336),
(71, 'Vous appelez l\'entreprise pour savoir où en est la procédure de recrutement', '[{\"name\": \"GDS\", \"point\":75 },{\"name\": \"CEF\", \"point\":100 },{\"name\": \"IDD\", \"point\":100 }]', 336),
(72, 'Vous êtes souvent l\'initiateur du sujet', '[{\"name\": \"CDA\", \"point\":50 },{\"name\": \"CDC\", \"point\":100 },{\"name\": \"IVQ\", \"point\":100 },{\"name\": \"CEF\", \"point\":100 }]', 337),
(73, 'Vous exposez votre point de vue', '[{\"name\": \"CDA\", \"point\":100 },{\"name\": \"CDC\", \"point\":100 },{\"name\": \"CEF\", \"point\":75 }]', 337),
(74, 'Vous restez en retrait', '[{\"name\": \"CEF\", \"point\":0 }]', 337),
(75, 'Cela n\'arrive jamais', '[{\"name\": \"CEF\", \"point\":0 }]', 337),
(76, 'Oui, avec un très bon niveau', '[{\"name\": \"CLE\", \"point\":100 }]', 338),
(77, 'Oui, avec un niveau moyen', '[{\"name\": \"CLE\", \"point\":50 }]', 338),
(78, 'Non', '[{\"name\": \"CLE\", \"point\":0 }]', 338),
(79, 'Vous cherchez à comprendre les paroles', '[{\"name\": \"MAA\", \"point\":100 },{\"name\": \"CLE\", \"point\":75 },{\"name\": \"ESC\", \"point\":75 }]', 339),
(80, 'Vous chantez en inventant des mots', '[{\"name\": \"CLE\", \"point\":0 }]', 339),
(81, 'Vous profitez de la musique, les paroles n\'ont pas une grande importance', '[{\"name\": \"CLE\", \"point\":0 }]', 339),
(82, 'Vous prenez la pochette de l\'album pour lire les paroles', '[{\"name\": \"CLE\", \"point\":100 },{\"name\": \"ESC\", \"point\":100 }]', 339),
(83, 'Jamais', '[{\"name\": \"CLE\", \"point\":0 }]', 340),
(84, 'De temps en temps', '[{\"name\": \"CLE\", \"point\":100 }]', 340),
(85, 'S\'il est sous-titré en français', '[{\"name\": \"CLE\", \"point\":75 }]', 340),
(86, 'Vous en êtes incapable', '[{\"name\": \"CLE\", \"point\":0 }]', 341),
(87, 'Il vous faudra du temps', '[{\"name\": \"MAA\", \"point\":100 },{\"name\": \"CLE\", \"point\":50 }]', 341),
(88, 'Vous l\'avez fait ou vous pourriez le faire', '[{\"name\": \"CLE\", \"point\":100 }]', 341),
(89, 'Au moins une fois par semaine', '[{\"name\": \"IVQ\", \"point\":100 },{\"name\": \"CLE\", \"point\":100 }]', 342),
(90, 'Une à deux fois par mois', '[{\"name\": \"CLE\", \"point\":75 }]', 342),
(91, 'Une à deux fois par an', '[{\"name\": \"CLE\", \"point\":25 }]', 342),
(92, 'Jamais', '[{\"name\": \"CLE\", \"point\":0 }]', 342),
(93, 'Oui', '[{\"name\": \"CLE\", \"point\":100 }]', 343),
(94, 'Non', '[{\"name\": \"CLE\", \"point\":0 }]', 343),
(95, 'Parfaitement à l\'oral et à l\'écrit', '[{\"name\": \"CLE\", \"point\":100 }]', 344),
(96, 'Avec facilité à l\'oral', '[{\"name\": \"CLE\", \"point\":70 }]', 344),
(97, 'Avec facilité à l\'écrit', '[{\"name\": \"CLE\", \"point\":100 }]', 344),
(98, 'Pas très bien mais suffisamment pour avoir des contacts', '[{\"name\": \"CLE\", \"point\":40 }]', 344),
(99, 'Peu ou pas du tout', '[{\"name\": \"CLE\", \"point\":0 }]', 344),
(100, 'Un jeu d\'enfant', '[{\"name\": \"CLE\", \"point\":100 }]', 345),
(101, 'Un temps de réflexion important', '[{\"name\": \"CLE\", \"point\":75 }]', 345),
(102, 'Possible après plusieurs essais', '[{\"name\": \"CLE\", \"point\":50 }]', 345),
(103, 'Impossible', '[{\"name\": \"CLE\", \"point\":0 }]', 345),
(104, 'C\'est avec le dictionnaire ou un traducteur en ligne', '[{\"name\": \"CLE\", \"point\":50 }]', 346),
(105, 'Vous maîtrisez sans problème', '[{\"name\": \"CLE\", \"point\":100 }]', 346),
(106, 'Oui mais pas dans un langage très soutenu', '[{\"name\": \"CLE\", \"point\":75 }]', 346),
(107, 'C\'est impossible', '[{\"name\": \"CLE\", \"point\":0 }]', 346),
(108, 'Vous le feriez sans hésiter', '[{\"name\": \"MAA\", \"point\":100 },{\"name\": \"CLE\", \"point\":100 },{\"name\": \"OSA\", \"point\":100 }]', 347),
(109, 'Vous n\'iriez pas, cela ne vous intéresse pas', '[{\"name\": \"CLE\", \"point\":0 }]', 347),
(110, 'Vous le feriez seulement si vous y aviez un besoin précis', '[{\"name\": \"CLE\", \"point\":50 }]', 347),
(111, 'Vous n\'avez pas les capacités pour apprendre une nouvelle langue', '[{\"name\": \"CLE\", \"point\":25 }]', 347),
(112, 'Primaire', '[{\"name\": \"CUM\", \"point\":0 }]', 348),
(113, '6– 5', '[{\"name\": \"CUM\", \"point\":25 }]', 348),
(114, '3(Brevet)', '[{\"name\": \"CUM\", \"point\":50 }]', 348),
(115, 'Terminale', '[{\"name\": \"CUM\", \"point\":75 }]', 348),
(116, 'Etudes supérieures', '[{\"name\": \"CUM\", \"point\":100 }]', 348),
(117, 'Vous ne retenez pas les prix et ne vous aventurez jamais dans des calculs...', '[{\"name\": \"CUM\", \"point\":0 }]', 349),
(118, 'Vous mémorisez bien les prix et pouvez estimer le prix au kilo ou au litre', '[{\"name\": \"CUM\", \"point\":100 }]', 349),
(119, 'Vous ne faites jamais les courses', '[{\"name\": \"CUM\", \"point\":0 }]', 349),
(120, 'Vous le calculez de tête', '[{\"name\": \"CUM\", \"point\":100 }]', 350),
(121, 'Vous utilisez une calculatrice', '[{\"name\": \"CUM\", \"point\":0 }]', 350),
(122, 'Vous posez l\'opération sur une feuille', '[{\"name\": \"CUM\", \"point\":50 }]', 350),
(123, 'Vous vous souvenez d\'une astuce', '[{\"name\": \"CUM\", \"point\":100 }]', 350),
(124, '20 euros', '[{\"name\": \"CUM\", \"point\":100 }]', 351),
(125, '30 euros', '[{\"name\": \"CUM\", \"point\":0 }]', 351),
(126, '25 euros', '[{\"name\": \"CUM\", \"point\":0 }]', 351),
(127, '40 euros', '[{\"name\": \"CUM\", \"point\":0 }]', 351),
(128, '4 euros', '[{\"name\": \"CUM\", \"point\":0 }]', 352),
(129, '3,2 euros', '[{\"name\": \"CUM\", \"point\":0 }]', 352),
(130, '2 euros', '[{\"name\": \"CUM\", \"point\":0 }]', 352),
(131, '3 euros', '[{\"name\": \"CUM\", \"point\":100 }]', 352),
(132, 'En suivant régulièrement vos comptes à partir de vos recettes et vos dépenses', '[{\"name\": \"CUM\", \"point\":100 },{\"name\": \"IDD\", \"point\":100 }]', 353),
(133, 'En contrôlant vos relevés de compte', '[{\"name\": \"CUM\", \"point\":25 }]', 353),
(134, 'En vous rendant au distributeur ou à la banque pour regarder combien il reste sur votre compte', '[{\"name\": \"CUM\", \"point\":50 }]', 353),
(135, 'En attendant un appel de la banque pour vous signaler un découvert', '[{\"name\": \"CUM\", \"point\":0 }]', 353),
(136, 'Excédentaire', '[{\"name\": \"CUM\", \"point\":0 }]', 354),
(137, 'Déficitaire', '[{\"name\": \"CUM\", \"point\":100 }]', 354),
(138, 'Equilibré', '[{\"name\": \"CUM\", \"point\":0 }]', 354),
(139, 'On ne peut pas le savoir', '[{\"name\": \"CUM\", \"point\":0 }]', 354),
(140, '4,5 euros', '[{\"name\": \"CUM\", \"point\":0 }]', 355),
(141, '3 euros', '[{\"name\": \"CUM\", \"point\":0 }]', 355),
(142, '7,5 euros', '[{\"name\": \"CUM\", \"point\":100 }]', 355),
(143, '6 euros', '[{\"name\": \"CUM\", \"point\":0 }]', 355),
(144, '2 heures et 20 minutes', '[{\"name\": \"CUM\", \"point\":0 }]', 356),
(145, '2 heures', '[{\"name\": \"CUM\", \"point\":100 }]', 356),
(146, '220 minutes', '[{\"name\": \"CUM\", \"point\":0 }]', 356),
(147, '200 minutes', '[{\"name\": \"CUM\", \"point\":0 }]', 356),
(148, 'Avec une carte routière pour estimer la distance et regarder le type de routes afin d\'évaluer la vitesse', '[{\"name\": \"CUM\", \"point\":100 }]', 357),
(149, 'En utilisant des applications ou des sites dédiés', '[{\"name\": \"CUM\", \"point\":75 }]', 357),
(150, 'En demandant à votre entourage', '[{\"name\": \"CUM\", \"point\":25 }]', 357),
(151, 'Vous ne vous en souciez pas', '[{\"name\": \"CUM\", \"point\":0 }]', 357),
(152, 'Vous demandez à un proche de vous aider', '[{\"name\": \"CUM\", \"point\":25 }]', 358),
(153, 'Vous calculez la surface de votre plafond en appliquant la formule suivante longueur x largeur', '[{\"name\": \"CUM\", \"point\":100 }]', 358),
(154, 'Vous calculez le périmètre de votre plafond en appliquant la formule suivante (longueur + largeur) x 2', '[{\"name\": \"CUM\", \"point\":0 }]', 358),
(155, 'Vous vous rendez directement au magasin pour avoir plus d\'informations', '[{\"name\": \"CUM\", \"point\":0 }]', 358),
(156, '7,5 heures', '[{\"name\": \"CUM\", \"point\":0 }]', 359),
(157, '7,75 heures', '[{\"name\": \"CUM\", \"point\":0 }]', 359),
(158, '7,25 heures', '[{\"name\": \"CUM\", \"point\":100 }]', 359),
(159, '7 heures', '[{\"name\": \"CUM\", \"point\":0 }]', 359),
(160, '8 minutes', '[{\"name\": \"CUM\", \"point\":0 }]', 360),
(161, '9 minutes', '[{\"name\": \"CUM\", \"point\":100 }]', 360),
(162, '10 minutes', '[{\"name\": \"CUM\", \"point\":0 }]', 360),
(163, 'La bonne réponse n\'est pas proposée', '[{\"name\": \"CUM\", \"point\":0 }]', 360),
(164, 'C = π x rayon', '[{\"name\": \"CUM\", \"point\":0 }]', 361),
(165, 'C = π x diamètre', '[{\"name\": \"CUM\", \"point\":100 }]', 361),
(166, 'C = π x (diamètre + rayon)', '[{\"name\": \"CUM\", \"point\":0 }]', 361),
(167, 'C = π x diamètre x rayon', '[{\"name\": \"CUM\", \"point\":0 }]', 361),
(168, 'Condensation', '[{\"name\": \"SET\", \"point\":0 }]', 362),
(169, 'Sublimation', '[{\"name\": \"SET\", \"point\":0 }]', 362),
(170, 'Evaporation', '[{\"name\": \"SET\", \"point\":100 }]', 362),
(171, 'Transpiration', '[{\"name\": \"SET\", \"point\":0 }]', 362),
(172, 'Le décibel (dB)', '[{\"name\": \"SET\", \"point\":100 }]', 363),
(173, 'le bass (bS)', '[{\"name\": \"SET\", \"point\":0 }]', 363),
(174, 'L\'hertz (Hz)', '[{\"name\": \"SET\", \"point\":0 }]', 363),
(175, 'le sound (Sd)', '[{\"name\": \"SET\", \"point\":0 }]', 363),
(176, 'Le dioxygène (O2)', '[{\"name\": \"SET\", \"point\":0 }]', 364),
(177, 'le dioxyde de carbone (CO2)', '[{\"name\": \"SET\", \"point\":0 }]', 364),
(178, 'le diazote (N2)', '[{\"name\": \"SET\", \"point\":100 }]', 364),
(179, 'L\'argon (Ar)', '[{\"name\": \"SET\", \"point\":0 }]', 364),
(180, 'La capacité de rétention', '[{\"name\": \"SET\", \"point\":100 }]', 365),
(181, 'La perméabilité', '[{\"name\": \"SET\", \"point\":0 }]', 365),
(182, 'La fertilité du sol', '[{\"name\": \"SET\", \"point\":0 }]', 365),
(183, 'La consistance', '[{\"name\": \"SET\", \"point\":0 }]', 365),
(184, 'Neptune', '[{\"name\": \"SET\", \"point\":0 }]', 366),
(185, 'Saturne', '[{\"name\": \"SET\", \"point\":0 }]', 366),
(186, 'Mars', '[{\"name\": \"SET\", \"point\":0 }]', 366),
(187, 'Mercure', '[{\"name\": \"SET\", \"point\":100 }]', 366),
(188, 'La sociologie', '[{\"name\": \"SET\", \"point\":0 }]', 367),
(189, 'La physique', '[{\"name\": \"SET\", \"point\":0 }]', 367),
(190, 'L’astrologie', '[{\"name\": \"SET\", \"point\":100 }]', 367),
(191, 'La chimie', '[{\"name\": \"SET\", \"point\":0 }]', 367),
(192, 'Un avion de l\'armée de l\'air', '[{\"name\": \"SET\", \"point\":0 }]', 368),
(193, 'Un indice boursier français', '[{\"name\": \"SET\", \"point\":100 }]', 368),
(194, 'Une réserve pétrolière des Emirats Arabes Unis', '[{\"name\": \"SET\", \"point\":0 }]', 368),
(195, 'Le tribunal administratif de Paris', '[{\"name\": \"SET\", \"point\":0 }]', 368),
(196, 'Je ne sais pas', '[{\"name\": \"SET\", \"point\":25 }]', 368),
(197, 'Einstein', '[{\"name\": \"SET\", \"point\":100 }]', 369),
(198, 'Freud', '[{\"name\": \"SET\", \"point\":0 }]', 369),
(199, 'Aristote', '[{\"name\": \"SET\", \"point\":0 }]', 369),
(200, 'Platon', '[{\"name\": \"SET\", \"point\":0 }]', 369),
(201, 'Traiter les eaux usagées afin de pouvoir les redistribuer', '[{\"name\": \"SET\", \"point\":0 }]', 370),
(202, 'Recycler les déchets cartonnés pour fabriquer d\'autres types de papiers ou cartons', '[{\"name\": \"SET\", \"point\":0 }]', 370),
(203, 'Séparer les différents composants chimiques des déchets industriels', '[{\"name\": \"SET\", \"point\":0 }]', 370),
(204, 'Transformer des matières organiques en une forme de terreau', '[{\"name\": \"SET\", \"point\":100 },{\"name\": \"DDU\", \"point\":100 }]', 370),
(205, 'Sucre', '[{\"name\": \"SET\", \"point\":0 }]', 371),
(206, 'Sel', '[{\"name\": \"SET\", \"point\":100 }]', 371),
(207, 'Savon', '[{\"name\": \"SET\", \"point\":0 }]', 371),
(208, 'Soude', '[{\"name\": \"SET\", \"point\":0 }]', 371),
(209, 'Ampère', '[{\"name\": \"SET\", \"point\":100 }]', 372),
(210, 'Volt', '[{\"name\": \"SET\", \"point\":0 }]', 372),
(211, 'Hertz', '[{\"name\": \"SET\", \"point\":0 }]', 372),
(212, 'Watt', '[{\"name\": \"SET\", \"point\":0 }]', 372),
(213, 'Charles Darwin', '[{\"name\": \"SET\", \"point\":100 }]', 373),
(214, 'Lewis Carroll', '[{\"name\": \"SET\", \"point\":0 }]', 373),
(215, 'Steven Spielberg', '[{\"name\": \"SET\", \"point\":0 }]', 373),
(216, 'William Shakespeare', '[{\"name\": \"SET\", \"point\":0 }]', 373),
(217, 'A une épice orientale', '[{\"name\": \"SET\", \"point\":0 }]', 374),
(218, 'A Une plante des grandes plaines', '[{\"name\": \"SET\", \"point\":0 }]', 374),
(219, 'Aux quatre points cardinaux', '[{\"name\": \"SET\", \"point\":100 }]', 374),
(220, 'A Un instrument de mesure', '[{\"name\": \"SET\", \"point\":0 }]', 374),
(221, 'L\'oeil, l\'oreille, la peau, la bouche et le nez', '[{\"name\": \"SET\", \"point\":0 }]', 375),
(222, 'La vue, l\'ouïe, le toucher, le goût et l\'odorat', '[{\"name\": \"SET\", \"point\":100 }]', 375),
(223, 'La vision, le bruit, le toucher, le goût et l\'odeur', '[{\"name\": \"SET\", \"point\":0 }]', 375),
(224, 'L\'oeil, l\'oreille, la peau, la langue et le nez', '[{\"name\": \"SET\", \"point\":0 }]', 375),
(225, 'Neil Armstrong', '[{\"name\": \"SET\", \"point\":100 }]', 376),
(226, 'Youri Gagarine', '[{\"name\": \"SET\", \"point\":0 }]', 376),
(227, 'Albert Laika', '[{\"name\": \"SET\", \"point\":0 }]', 376),
(228, 'Dark Vador', '[{\"name\": \"SET\", \"point\":0 }]', 376),
(229, 'Varicelle', '[{\"name\": \"SET\", \"point\":0 }]', 377),
(230, 'Scarlatine', '[{\"name\": \"SET\", \"point\":0 }]', 377),
(231, 'Oreillons', '[{\"name\": \"SET\", \"point\":0 }]', 377),
(232, 'Syphilis', '[{\"name\": \"SET\", \"point\":100 }]', 377),
(233, 'Indice de Richesse Mondiale', '[{\"name\": \"SET\", \"point\":0 }]', 378),
(234, 'Imagerie par Résonance Magnétique', '[{\"name\": \"SET\", \"point\":100 }]', 378),
(235, 'Innovation pour les Rapports Métriques', '[{\"name\": \"SET\", \"point\":0 }]', 378),
(236, 'Institut des Relations Mondiales', '[{\"name\": \"SET\", \"point\":0 }]', 378),
(237, 'Une grande histoire d\'amour', '[{\"name\": \"CUN\", \"point\":100 }]', 379),
(238, 'Une occupation ponctuelle nécessaire', '[{\"name\": \"CUN\", \"point\":75 }]', 379),
(239, 'Une crainte permanente', '[{\"name\": \"CUN\", \"point\":25 }]', 379),
(240, 'Une méconnaissance totale', '[{\"name\": \"CUN\", \"point\":0 }]', 379),
(241, 'Une obligation acceptée', '[{\"name\": \"CUN\", \"point\":50 }]', 379),
(242, 'J’insère l’adresse de mon responsable dans le champ CCi', '[{\"name\": \"CUN\", \"point\":100 }]', 380),
(243, 'J’envoie le mail à mon client puis je transfère le mail envoyé à mon responsable', '[{\"name\": \"CUN\", \"point\":25 }]', 380),
(244, 'J’insère l’adresse de mon responsable dans le champ CC', '[{\"name\": \"CUN\", \"point\":0 }]', 380),
(245, 'Suivre des comptes sur les réseaux sociaux', '[{\"name\": \"CUN\", \"point\":25 }]', 381),
(246, 'Créer des choses diverses (courriers, images, vidéos, programmes...)', '[{\"name\": \"CUN\", \"point\":100 }]', 381),
(247, 'Regarder des films ou des vidéos', '[{\"name\": \"CUN\", \"point\":50 }]', 381),
(248, 'Rechercher de l\'information sur le web', '[{\"name\": \"CUN\", \"point\":75 }]', 381),
(249, 'Faire des jeux vidéos', '[{\"name\": \"CUN\", \"point\":25 }]', 381),
(250, 'Vous supprimez le message, votre banque ne vous enverra jamais ce type de message', '[{\"name\": \"CUN\", \"point\":100 }]', 382),
(251, 'Vous appelez votre conseiller pour savoir si la banque est bien à l’origine du message', '[{\"name\": \"CUN\", \"point\":50 }]', 382),
(252, 'Vous contactez le responsable informatique de votre entreprise pour savoir ce qu’il faut faire', '[{\"name\": \"CUN\", \"point\":25 }]', 382),
(253, 'Vous vous dépêchez de cliquer sur le lien', '[{\"name\": \"CUN\", \"point\":0 }]', 382),
(254, 'Une application collaborative pour créer des pages web', '[{\"name\": \"CUN\", \"point\":0 }]', 383),
(255, 'Une technique de communication sans fil par ondes radio-électriques', '[{\"name\": \"CUN\", \"point\":100 }]', 383),
(256, 'Une technique pour diffuser la musique en haute fidélité', '[{\"name\": \"CUN\", \"point\":0 }]', 383),
(257, 'https://demarches-gouv.fr/', '[{\"name\": \"CUN\", \"point\":30 }]', 384),
(258, 'https://demarches.gouv.org/', '[{\"name\": \"CUN\", \"point\":0 }]', 384),
(259, 'https://demarches.gouv.fr/', '[{\"name\": \"CUN\", \"point\":100 }]', 384),
(260, 'https://demarches.gov.fr/', '[{\"name\": \"CUN\", \"point\":0 }]', 384),
(261, 'Une application qui permet de faire travailler plus vite les ordinateurs', '[{\"name\": \"CUN\", \"point\":0 }]', 385),
(262, 'Un logiciel qui permet de se connecter à Internet', '[{\"name\": \"CUN\", \"point\":0 }]', 385),
(263, 'Une application permettant de trouver des ressources à partir d\'une requête composée de termes', '[{\"name\": \"CUN\", \"point\":100 }]', 385),
(264, 'Un annuaire électronique', '[{\"name\": \"CUN\", \"point\":25 }]', 385),
(265, 'Jeancharleshenridepoyvilleleshauts@laposte.net', '[{\"name\": \"CUN\", \"point\":100 }]', 386),
(266, 'Jean.charles#laposte.net', '[{\"name\": \"CUN\", \"point\":0 }]', 386),
(267, 'Jean Charles@laposte.net', '[{\"name\": \"CUN\", \"point\":0 }]', 386),
(268, 'Jean.charles...@laposte.net', '[{\"name\": \"CUN\", \"point\":0 }]', 386),
(269, 'www.fr.service-public', '[{\"name\": \"CUN\", \"point\":0 }]', 387),
(270, 'http://www.service-public.fr', '[{\"name\": \"CUN\", \"point\":100 }]', 387),
(271, 'http:www.service-public.fr', '[{\"name\": \"CUN\", \"point\":0 }]', 387),
(272, 'http://fr.service-public', '[{\"name\": \"CUN\", \"point\":0 }]', 387),
(273, 'L\'historique', '[{\"name\": \"CUN\", \"point\":100 }]', 388),
(274, 'Un moteur de recherche', '[{\"name\": \"CUN\", \"point\":0 }]', 388),
(275, 'Le fournisseur d\'accès', '[{\"name\": \"CUN\", \"point\":0 }]', 388),
(276, 'Les favoris', '[{\"name\": \"CUN\", \"point\":0 }]', 388),
(277, 'Une suite de chiffres correspondant à une date de naissance pour le mémoriser facilement', '[{\"name\": \"CUN\", \"point\":0 }]', 389),
(278, 'Une phrase de 6 ou 7 mots que vous pouvez mémoriser facilement', '[{\"name\": \"CUN\", \"point\":100 }]', 389),
(279, 'Une suite d’au moins 10 caractères de nature différente (lettres, chiffres, caractéres spéciaux)', '[{\"name\": \"CUN\", \"point\":75 }]', 389),
(280, 'Un mot de passe très compliqué noté sur un post-it conservé sous la coque du smartphone', '[{\"name\": \"CUN\", \"point\":0 }]', 389),
(281, 'FranceConnect', '[{\"name\": \"CUN\", \"point\":100 }]', 390),
(282, 'FranceDirect', '[{\"name\": \"CUN\", \"point\":0 }]', 390),
(283, 'Service-public.fr', '[{\"name\": \"CUN\", \"point\":0 }]', 390),
(284, 'Que le protocole de transfert est sécurisé ce qui garantit théoriquement la confidentialité et l\'intégrité des données envoyées par l\'utilisateur', '[{\"name\": \"CUN\", \"point\":100 }]', 391),
(285, 'Que le protocole de transfert est simplifié pour une navigation plus rapide', '[{\"name\": \"CUN\", \"point\":0 }]', 391),
(286, 'Ces lettres ne sont plus utilisées, c’est un ancien protocole du web', '[{\"name\": \"CUN\", \"point\":0 }]', 391),
(287, 'Vous pouvez envoyer un document pdf de 3100 Ko', '[{\"name\": \"CUN\", \"point\":0 }]', 392),
(288, 'Vous pouvez envoyer une photo de 4 Mo', '[{\"name\": \"CUN\", \"point\":0 }]', 392),
(289, 'Vous pouvez envoyer un fichier video de 0,5 Go', '[{\"name\": \"CUN\", \"point\":0 }]', 392),
(290, 'Vous pouvez envoyer un fichier texte de 3100 octets', '[{\"name\": \"CUN\", \"point\":100 }]', 392),
(291, 'C’est un protocole de développement deou logiciel gratuit', '[{\"name\": \"CUN\", \"point\":0 }]', 393),
(292, 'C’est un format de fichier standard pour échanger des documents en préservant leur mise en page', '[{\"name\": \"CUN\", \"point\":100 }]', 393),
(293, 'Un composant de l\'ordinateur', '[{\"name\": \"CUN\", \"point\":0 }]', 393),
(294, 'Un programme de financement informatique', '[{\"name\": \"CUN\", \"point\":0 }]', 393),
(295, 'Un virus', '[{\"name\": \"CUN\", \"point\":0 }]', 394),
(296, 'Un petit fichier stocké par un serveur dans le terminal (ordinateur, téléphone, etc.) d’un utilisateur', '[{\"name\": \"CUN\", \"point\":100 }]', 394),
(297, 'Une notification non désirée', '[{\"name\": \"CUN\", \"point\":0 }]', 394),
(298, 'Une application de pâtisserie', '[{\"name\": \"CUN\", \"point\":0 }]', 394),
(299, 'Un logiciel', '[{\"name\": \"CUN\", \"point\":0 }]', 395),
(300, 'Un ensemble d’informations enregistrées sous forme numérique', '[{\"name\": \"CUN\", \"point\":100 }]', 395),
(301, 'Un document Word', '[{\"name\": \"CUN\", \"point\":0 }]', 395),
(302, 'Une liste de personnes ou objets', '[{\"name\": \"CUN\", \"point\":30 }]', 395),
(303, 'Vous imprimez la lettre puis vous la scannez afin de la modifier', '[{\"name\": \"CUN\", \"point\":0 }]', 396),
(304, 'Vous dupliquez le fichier puis vous le renommer avant de le modifier', '[{\"name\": \"CUN\", \"point\":100 }]', 396),
(305, 'Vous commencez à modifiez directement le modèle, puis l\'enregistrez sous un autre nom', '[{\"name\": \"CUN\", \"point\":50 }]', 396),
(306, 'Vous modifiez la lettre, puis cliquez sur enregistrer', '[{\"name\": \"CUN\", \"point\":0 }]', 396),
(307, 'A trier des fichiers', '[{\"name\": \"CUN\", \"point\":0 }]', 397),
(308, 'A stocker des fichiers importants', '[{\"name\": \"CUN\", \"point\":0 }]', 397),
(309, 'A placer les fichiers inutiles avant de les éliminer', '[{\"name\": \"CUN\", \"point\":100 }]', 397),
(310, 'A stocker des fichiers temporaires', '[{\"name\": \"CUN\", \"point\":0 }]', 397),
(311, 'Une carte SD', '[{\"name\": \"CUN\", \"point\":0 }]', 398),
(312, 'Un disque SSD', '[{\"name\": \"CUN\", \"point\":0 }]', 398),
(313, 'Une clé USB', '[{\"name\": \"CUN\", \"point\":0 }]', 398),
(314, 'Un routeur', '[{\"name\": \"CUN\", \"point\":100 }]', 398),
(315, 'Aller dans Fichier → Enregistrer sous… et sélectionner la clé USB', '[{\"name\": \"CUN\", \"point\":100 }]', 399),
(316, 'Cliquer sur l\'icône Enregistrer', '[{\"name\": \"CUN\", \"point\":0 }]', 399),
(317, 'Aller dans Ouvrir, sélectionner la clé USB et enregistrer', '[{\"name\": \"CUN\", \"point\":0 }]', 399),
(318, 'Aller dans Envoyer vers et sélectionner la clé USB', '[{\"name\": \"CUN\", \"point\":0 }]', 399),
(319, 'Utiliser un langage de programmation', '[{\"name\": \"CUN\", \"point\":100 }]', 400),
(320, 'Insérer votre photo sur un CV', '[{\"name\": \"CUN\", \"point\":50 }]', 400),
(321, 'Créer un site web', '[{\"name\": \"CUN\", \"point\":75 }]', 400),
(322, 'Créer un compte sur un réseau social', '[{\"name\": \"CUN\", \"point\":25 }]', 400),
(323, 'Rien de tout ceci', '[{\"name\": \"CUN\", \"point\":0 }]', 400),
(324, 'Relire plusieurs fois un cours pour le mémoriser', '[{\"name\": \"AAA\", \"point\":25 }]', 401),
(325, 'Être capable de réciter par coeur', '[{\"name\": \"AAA\", \"point\":0 }]', 401),
(326, 'Comprendre un cours', '[{\"name\": \"AAA\", \"point\":50 }]', 401),
(327, 'Faire des fiches pour résumer un cours', '[{\"name\": \"AAA\", \"point\":75 }]', 401),
(328, 'Rechercher des informations complémentaires sur Internet ou dans des livres', '[{\"name\": \"AAA\", \"point\":100 },{\"name\": \"MAA\", \"point\":100 }]', 401),
(329, 'Regarder des documentaires et reportages à la télévision', '[{\"name\": \"AAA\", \"point\":75 }]', 402),
(330, 'Suivre des conférences ou des débats sur des thématiques qui vous intéressent', '[{\"name\": \"AAA\", \"point\":100 },{\"name\": \"ESC\", \"point\":100 }]', 402),
(331, 'Naviguer sur Internet', '[{\"name\": \"AAA\", \"point\":75 }]', 402),
(332, 'Lire la presse ainsi que des magazines ou manuels spécialisés', '[{\"name\": \"AAA\", \"point\":100 }]', 402),
(333, 'Discuter avec des amis', '[{\"name\": \"AAA\", \"point\":50 }]', 402),
(334, 'Vous appreniez votre cours', '[{\"name\": \"AAA\", \"point\":75 }]', 403),
(335, 'Vous lisiez rapidement votre cours avant d\'aller vous coucher', '[{\"name\": \"AAA\", \"point\":25 }]', 403),
(336, 'Vous consultiez des encyclopédies pour approfondir vos connaissances', '[{\"name\": \"AAA\", \"point\":100 },{\"name\": \"MAA\", \"point\":100 },{\"name\": \"ESC\", \"point\":100 }]', 403),
(337, 'Vous n\'appreniez jamais rien', '[{\"name\": \"AAA\", \"point\":0 }]', 403),
(338, 'Vous appelez des connaissances pour savoir si elles ont déjà travaillé sur ce sujet', '[{\"name\": \"AAA\", \"point\":0 }]', 404),
(339, 'Vous recherchez rapidement des informations pour le finir dans la semaine', '[{\"name\": \"AAA\", \"point\":25 }]', 404),
(340, 'Vous attendez le dernier moment pour le faire', '[{\"name\": \"AAA\", \"point\":0 }]', 404),
(341, 'Vous y consacrez un certain temps tous les jours', '[{\"name\": \"AAA\", \"point\":100 }]', 404),
(342, 'Vous proposez de l\'aider', '[{\"name\": \"AAA\", \"point\":100 },{\"name\": \"CDE\", \"point\":100 }]', 405),
(343, 'Vous ne pouvez l\'aider que dans une des deux matières', '[{\"name\": \"AAA\", \"point\":50 },{\"name\": \"CDE\", \"point\":100 }]', 405),
(344, 'Vous n\'êtes pas bon pédagogue, vous vous énervez trop vite', '[{\"name\": \"AAA\", \"point\":0 }]', 405),
(345, 'Vous ne risquez pas de l\'aider', '[{\"name\": \"AAA\", \"point\":0 }]', 405),
(346, 'Vous ne stressez pas car vous suivez régulièrement l’actualité', '[{\"name\": \"GDS\", \"point\":100 },{\"name\": \"AAA\", \"point\":0 }]', 406),
(347, 'Vous faites une revue de presse', '[{\"name\": \"AAA\", \"point\":100 },{\"name\": \"ESC\", \"point\":100 }]', 406),
(348, 'Vous questionnez votre entourage pour vous informer', '[{\"name\": \"AAA\", \"point\":25 }]', 406),
(349, 'Vous vous préparez en regardant différents médias (presse nationale en ligne ou en version papier, radio publique, Chaîne parlementaire…)', '[{\"name\": \"AAA\", \"point\":75 }]', 406),
(350, 'L\'intervenant ne dynamise pas les échanges', '[{\"name\": \"AAA\", \"point\":50 }]', 407),
(351, 'Le contenu est trop creux, vous n\'apprenez pas suffisamment de choses', '[{\"name\": \"AAA\", \"point\":100 }]', 407),
(352, 'Le thème ne vous paraît pas suffisamment concret, vous ne voyez pas comment l’appliquer dans votre quotidien', '[{\"name\": \"AAA\", \"point\":100 }]', 407),
(353, 'La présentation : les idées partent dans tous les sens, rien n\'est structuré', '[{\"name\": \"AAA\", \"point\":75 }]', 407),
(354, 'C\'est insensé car une fois que nous savons faire quelque chose, nous n\'avons plus besoin de nous former', '[{\"name\": \"AAA\", \"point\":0 }]', 408),
(355, 'C\'est nécessaire pour évoluer sur un plan personnel et professionnel', '[{\"name\": \"AAA\", \"point\":100 }]', 408),
(356, 'C\'est essentiel pour se reconvertir après la perte d\'un emploi', '[{\"name\": \"AAA\", \"point\":75 }]', 408),
(357, 'C\'est indispensable pour les cadres mais pas pour les employés', '[{\"name\": \"AAA\", \"point\":0 }]', 408),
(358, 'C\'est utile pour obtenir un diplôme que nous n\'avons pas pu passer lors de notre formation initiale', '[{\"name\": \"AAA\", \"point\":50 }]', 408),
(359, 'Vous ne faites rien, ce type de métier est trop difficile pour vous', '[{\"name\": \"AAA\", \"point\":0 }]', 409),
(360, 'Vous vous renseignez pour connaître les formations existantes et les possibilités d’emploi', '[{\"name\": \"AAA\", \"point\":100 }]', 409),
(361, 'Vous cherchez sur internet d’autres vidéos', '[{\"name\": \"AAA\", \"point\":25 }]', 409),
(362, 'Vous cherchez à entrer en contact avec des personnes qui travaillent dans ce secteur', '[{\"name\": \"AAA\", \"point\":50 }]', 409),
(363, 'Vous n\'y allez pas, la thématique ne vous intéresse pas', '[{\"name\": \"AAA\", \"point\":0 }]', 410),
(364, 'Vous acceptez, cela vous évitera une journée de travail', '[{\"name\": \"AAA\", \"point\":0 }]', 410),
(365, 'Vous vous inscrivez par curiosité', '[{\"name\": \"AAA\", \"point\":50 }]', 410),
(366, 'Vous y allez, motivé pour apprendre de nouvelles choses', '[{\"name\": \"AAA\", \"point\":100 },{\"name\": \"MAA\", \"point\":100 }]', 410),
(367, 'Vous n\'en avez aucun, vous avez déjà tout appris à l\'école', '[{\"name\": \"AAA\", \"point\":0 }]', 411),
(368, 'Vous avez plein d\'idées et soumettez des thèmes sans rapport avec votre métier', '[{\"name\": \"AAA\", \"point\":75 },{\"name\": \"MAA\", \"point\":100 },{\"name\": \"ESC\", \"point\":100 }]', 411),
(369, 'Vous n\'êtes pas intéressé par la formation, vous trouvez que c\'est ennuyeux', '[{\"name\": \"AAA\", \"point\":0 }]', 411),
(370, 'Vous vous êtes déjà renseigné pour suivre une formation susceptible de vous faire évoluer', '[{\"name\": \"AAA\", \"point\":100 },{\"name\": \"MAA\", \"point\":100 }]', 411),
(371, 'Des ressources en ligne pour pouvoir approfondir ses connaissances', '[{\"name\": \"AAA\", \"point\":75 }]', 412),
(372, 'Un réseau de personnes qui peuvent partager leurs connaissances et leurs expériences', '[{\"name\": \"AAA\", \"point\":100 }]', 412),
(373, 'Un endroit où écouter de la musique et regarder des vidéos', '[{\"name\": \"AAA\", \"point\":0 }]', 412),
(374, 'Vous énerver', '[{\"name\": \"CIS\", \"point\":0 }]', 413),
(375, 'L\'écouter sans répondre', '[{\"name\": \"CIS\", \"point\":25 }]', 413),
(376, 'Essayer de discuter pour apporter une solution', '[{\"name\": \"CDA\", \"point\":100 },{\"name\": \"CDC\", \"point\":100 },{\"name\": \"CIS\", \"point\":100 },{\"name\": \"CDE\", \"point\":100 }]', 413),
(377, 'Quitter la pièce', '[{\"name\": \"CIS\", \"point\":50 }]', 413),
(378, 'Vous allez voir votre patron pour lui expliquer la situation et lui demander si vous pouvez prendre deux jours de congé', '[{\"name\": \"GDS\", \"point\":100 },{\"name\": \"CDA\", \"point\":100 },{\"name\": \"CDC\", \"point\":100 },{\"name\": \"CIS\", \"point\":100 }]', 414),
(379, 'Vous téléphonez à votre patron pour lui dire que vous ne viendrez pas travailler, quitte à inventer un mensonge', '[{\"name\": \"CIS\", \"point\":0 }]', 414),
(380, 'Vous verrez votre soeur le soir, c\'est bien suffisant', '[{\"name\": \"CIS\", \"point\":50 },{\"name\": \"CAD\", \"point\":100 }]', 414),
(381, 'Vous en parlez à un collègue pour savoir ce qu\'il ferait à votre place', '[{\"name\": \"CIS\", \"point\":25 }]', 414),
(382, 'Vous téléphonez ou vous vous rendez à la CAF pour comprendre ce qui se passe', '[{\"name\": \"CDA\", \"point\":100 },{\"name\": \"CDC\", \"point\":100 },{\"name\": \"CIS\", \"point\":100 },{\"name\": \"CDE\", \"point\":100 }]', 415),
(383, 'Vous attendez de recevoir l\'argent', '[{\"name\": \"CIS\", \"point\":0 }]', 415),
(384, 'Vous allez voir un travailleur social pour qu\'il vous aide', '[{\"name\": \"CIS\", \"point\":25 }]', 415),
(385, 'En colère, vous allez à la CAF, décidé à ne pas partir tant que l’argent n\'est pas versé', '[{\"name\": \"CIS\", \"point\":0 }]', 415),
(386, 'Vous réagissez au quart de tour et l\'insultez car ses propos ne sont pas tolérables', '[{\"name\": \"CIS\", \"point\":50 }]', 416),
(387, 'Vous ignorez ses propos car vous ne voulez pas vous fâcher avec lui', '[{\"name\": \"CIS\", \"point\":25 }]', 416),
(388, 'Vous le questionnez pour comprendre son point de vue et essayer de le faire changer d\'avis', '[{\"name\": \"CDA\", \"point\":100 },{\"name\": \"CDC\", \"point\":100 },{\"name\": \"CIS\", \"point\":100 },{\"name\": \"CDE\", \"point\":100 }]', 416),
(389, 'Vous trouvez qu\'il n\'a pas tout à fait tort', '[{\"name\": \"CIS\", \"point\":0 }]', 416),
(390, 'Vous n\'y allez pas de peur de vous ennuyer', '[{\"name\": \"CIS\", \"point\":0 }]', 417),
(391, 'Vous allez faire la fête et bien vous amuser', '[{\"name\": \"CIS\", \"point\":100 },{\"name\": \"CAD\", \"point\":100 },{\"name\": \"OSA\", \"point\":100 }]', 417),
(392, 'Vous y allez pour faire plaisir à votre conjoint, mais vous ne le lâcherez pas de la soirée', '[{\"name\": \"CIS\", \"point\":25 }]', 417),
(393, 'Vous êtes content de pouvoir rencontrer de nouvelles personnes', '[{\"name\": \"CDC\", \"point\":100 },{\"name\": \"CIS\", \"point\":100 },{\"name\": \"CAD\", \"point\":100 },{\"name\": \"OSA\", \"point\":100 }]', 417),
(394, 'A faire le mur', '[{\"name\": \"CIS\", \"point\":0 }]', 418),
(395, 'A bouder dans votre chambre', '[{\"name\": \"CIS\", \"point\":0 }]', 418),
(396, 'A négocier - si vous me laissez sortir, je ferai la vaisselle, je laverai la voiture', '[{\"name\": \"CDA\", \"point\":100 },{\"name\": \"CIS\", \"point\":100 },{\"name\": \"EDN\", \"point\":100 }]', 418),
(397, 'A vous plaindre en comparant votre situation à celle de vos frères ou soeurs', '[{\"name\": \"CDA\", \"point\":50 },{\"name\": \"CIS\", \"point\":0 }]', 418),
(398, 'Vous ne vous souvenez pas', '[{\"name\": \"CIS\", \"point\":50 }]', 418),
(399, 'Un circuit organisé à travers un pays pour découvrir une multitude de lieux', '[{\"name\": \"CIS\", \"point\":50 }]', 419),
(400, 'Farniente (mer, soleil, fiesta) dans un lieu féerique', '[{\"name\": \"CIS\", \"point\":25 }]', 419),
(401, 'Inintéressant', '[{\"name\": \"CIS\", \"point\":0 }]', 419),
(402, 'L\'aventure, sac à dos et hébergement chez l\'habitant', '[{\"name\": \"MAA\", \"point\":100 },{\"name\": \"CIS\", \"point\":100 },{\"name\": \"CAD\", \"point\":100 },{\"name\": \"OSA\", \"point\":100 }]', 419),
(403, 'Rentrez comme si de rien n\'était, demain est un autre jour, vous verrez bien', '[{\"name\": \"GDS\", \"point\":50 },{\"name\": \"CIS\", \"point\":50 }]', 420),
(404, 'Allez boire un verre avec un proche pour vous changer les idées', '[{\"name\": \"GDS\", \"point\":100 },{\"name\": \"CIS\", \"point\":100 }]', 420),
(405, 'Prenez rendez-vous chez le médecin pour demander un arrêt maladie', '[{\"name\": \"CIS\", \"point\":0 }]', 420),
(406, 'Vous plaignez toute la soirée à votre conjoint', '[{\"name\": \"CIS\", \"point\":25 }]', 420),
(407, 'Au Tibet, pour rencontrer le Dalaï-Lama', '[{\"name\": \"CIS\", \"point\":100 },{\"name\": \"OSA\", \"point\":100 }]', 421),
(408, 'A Ibiza, pour vivre la nuit', '[{\"name\": \"CIS\", \"point\":0 }]', 421),
(409, 'Comme volontaire pour travailler dans un camp de réfugiés', '[{\"name\": \"CIS\", \"point\":100 },{\"name\": \"CAD\", \"point\":100 },{\"name\": \"OSA\", \"point\":100 }]', 421),
(410, 'En Californie, pour travailler dans la Silicon Valley', '[{\"name\": \"CIS\", \"point\":75 },{\"name\": \"CAD\", \"point\":100 }]', 421),
(411, 'J\'espère qu\'elle descendra avant moi', '[{\"name\": \"CIS\", \"point\":25 }]', 422),
(412, 'Je vais pouvoir discuter et le temps passera plus vite', '[{\"name\": \"CDC\", \"point\":100 },{\"name\": \"CIS\", \"point\":100 },{\"name\": \"OSA\", \"point\":100 }]', 422),
(413, 'Pourvu qu\'elle ne me parle pas', '[{\"name\": \"CIS\", \"point\":0 }]', 422),
(414, 'Cela m\'est égal', '[{\"name\": \"CIS\", \"point\":0 }]', 422),
(415, 'Vous proposez de passer un moment ensemble dès que possible', '[{\"name\": \"CIS\", \"point\":100 },{\"name\": \"CDE\", \"point\":100 }]', 423),
(416, 'Vous lui expliquez comment vous avez surmonté votre propre chagrin d\'amour', '[{\"name\": \"CIS\", \"point\":25 }]', 423),
(417, 'Vous l\'écoutez et la rassurez', '[{\"name\": \"CIS\", \"point\":75 }]', 423),
(418, 'Vous abrégez la conversation parce qu\'elle vous met mal à l\'aise', '[{\"name\": \"CIS\", \"point\":0 }]', 423),
(419, 'Oui', '[{\"name\": \"CIS\", \"point\":100 }]', 424),
(420, 'Non', '[{\"name\": \"CIS\", \"point\":0 }]', 424),
(421, 'Les échanges avec les habitants', '[{\"name\": \"CDC\", \"point\":100 },{\"name\": \"CIS\", \"point\":100 },{\"name\": \"CAD\", \"point\":100 },{\"name\": \"OSA\", \"point\":100 }]', 425),
(422, 'Les visites guidées des lieux incontournables', '[{\"name\": \"CIS\", \"point\":50 }]', 425),
(423, 'Les escapades sportives', '[{\"name\": \"CIS\", \"point\":25 }]', 425),
(424, 'La gastronomie', '[{\"name\": \"CIS\", \"point\":75 }]', 425),
(425, 'Les moments de détente au bord de la piscine', '[{\"name\": \"CIS\", \"point\":0 }]', 425),
(426, 'Jamais', '[{\"name\": \"CIS\", \"point\":0 }]', 426),
(427, 'Deux à trois fois par an', '[{\"name\": \"CDC\", \"point\":25 },{\"name\": \"CIS\", \"point\":25 }]', 426),
(428, 'Deux à trois fois par mois', '[{\"name\": \"CDC\", \"point\":50 },{\"name\": \"CIS\", \"point\":50 }]', 426),
(429, 'Toutes les semaines', '[{\"name\": \"CDC\", \"point\":75 },{\"name\": \"CIS\", \"point\":75 }]', 426),
(430, 'Tous les jours', '[{\"name\": \"CDC\", \"point\":100 },{\"name\": \"CIS\", \"point\":100 }]', 426),
(431, 'Vous partez, vous terminerez le lendemain', '[{\"name\": \"EDE\", \"point\":25 }]', 427),
(432, 'Vous terminez votre tâche, vous rattraperez vos dix minutes plus tard', '[{\"name\": \"EDE\", \"point\":75 }]', 427),
(433, 'Vous finissez votre travail, vous n\'êtes pas à 10 minutes près', '[{\"name\": \"EDE\", \"point\":100 }]', 427),
(434, 'Vous y allez parce que votre collègue y va', '[{\"name\": \"EDE\", \"point\":50 }]', 428),
(435, 'Vous n\'allez pas perdre votre temps là', '[{\"name\": \"EDE\", \"point\":0 }]', 428),
(436, 'Vous vous inscrivez sans hésiter', '[{\"name\": \"EDE\", \"point\":100 }]', 428),
(437, 'Ce type de réunion avec la direction vous met mal à l\'aise, vous n\'y participez donc pas', '[{\"name\": \"EDE\", \"point\":25 }]', 428),
(438, 'Vous sortez faire une pause', '[{\"name\": \"EDE\", \"point\":0 }]', 429),
(439, 'Vous demandez à un collègue s\'il a besoin d\'aide', '[{\"name\": \"EDE\", \"point\":100 }]', 429),
(440, 'Vous attendez patiemment', '[{\"name\": \"EDE\", \"point\":0 }]', 429),
(441, 'Vous allez le voir pour savoir ce que vous devez faire', '[{\"name\": \"EDE\", \"point\":100 }]', 429),
(442, 'Vous êtes convaincu que changer de logiciel c\'est de la perte de temps et d\'argent', '[{\"name\": \"CDA\", \"point\":75 },{\"name\": \"EDE\", \"point\":0 }]', 430),
(443, 'Vous vous soumettez aux exigences de la direction à contrecoeur', '[{\"name\": \"EDE\", \"point\":25 }]', 430),
(444, 'Vous êtes ravi, vous apprendrez à utiliser un nouvel outil', '[{\"name\": \"MAA\", \"point\":100 },{\"name\": \"CAD\", \"point\":100 },{\"name\": \"EDE\", \"point\":100 }]', 430),
(445, 'Vous vous alliez avec vos collègues pour refuser ce changement', '[{\"name\": \"EDE\", \"point\":0 }]', 430),
(446, 'Vous adorez', '[{\"name\": \"EDE\", \"point\":100 }]', 431),
(447, 'Vous le faites pour faire plaisir à quelqu\'un', '[{\"name\": \"EDE\", \"point\":50 }]', 431),
(448, 'Vous en êtes incapable', '[{\"name\": \"EDE\", \"point\":25 }]', 431),
(449, 'Cela ne vous intéresse pas du tout', '[{\"name\": \"EDE\", \"point\":0 }]', 431),
(450, 'Vous n’y prêtez pas attention, cela ne vous intéresse pas', '[{\"name\": \"EDE\", \"point\":0 }]', 432),
(451, 'Vous téléphonez à vos voisins pour discuter de ce que vous pourriez faire', '[{\"name\": \"CDC\", \"point\":100 },{\"name\": \"IVQ\", \"point\":100 },{\"name\": \"ECO\", \"point\":100 },{\"name\": \"EDE\", \"point\":75 }]', 432),
(452, 'Vous avez déjà plein d\'idées, il ne vous manque plus qu\'à trouver du monde pour vous aider', '[{\"name\": \"IVQ\", \"point\":100 },{\"name\": \"ECO\", \"point\":100 },{\"name\": \"EDE\", \"point\":100 }]', 432),
(453, 'Vous acceptez de participer mais seulement pour réaliser de petites tâches', '[{\"name\": \"EDE\", \"point\":50 }]', 432),
(454, 'Vous essayer de voir comment se partagent les responsabilités avec vos collègues', '[{\"name\": \"EDE\", \"point\":0 }]', 433),
(455, 'Vous vous excusez', '[{\"name\": \"EDE\", \"point\":75 }]', 433),
(456, 'Vous réfléchissez pour voir comment la corriger', '[{\"name\": \"EDE\", \"point\":100 }]', 433),
(457, 'Ce n\'est pas possible !', '[{\"name\": \"EDE\", \"point\":0 }]', 433),
(458, 'Vous ne le dites pas, personne ne s\'en apercevra', '[{\"name\": \"EDE\", \"point\":0 }]', 434),
(459, 'C\'est rarement de votre faute', '[{\"name\": \"EDE\", \"point\":0 }]', 434),
(460, 'Vous êtes paniqué et en parlez le plus vite possible', '[{\"name\": \"EDE\", \"point\":50 }]', 434),
(461, 'Vous cherchez à la résoudre et en parlez si vous n\'y arrivez pas', '[{\"name\": \"GDS\", \"point\":100 },{\"name\": \"EDE\", \"point\":100 }]', 434),
(462, 'Vous collectionniez Les images', '[{\"name\": \"EDE\", \"point\":25 }]', 435),
(463, 'Vous organisiez des séances de spectacle pour la famille', '[{\"name\": \"EDE\", \"point\":75 }]', 435),
(464, 'Vous échangiez ou revendiez les cadeaux qui ne vous plaisaient pas', '[{\"name\": \"EDE\", \"point\":100 }]', 435),
(465, 'Vous alliez jouer chez vos amis', '[{\"name\": \"EDE\", \"point\":0 }]', 435),
(466, 'Innovateur', '[{\"name\": \"EDE\", \"point\":100 }]', 436),
(467, 'Gestionnaire', '[{\"name\": \"EDE\", \"point\":75 }]', 436),
(468, 'Suiveur', '[{\"name\": \"EDE\", \"point\":0 }]', 436),
(469, 'Négociateur', '[{\"name\": \"EDE\", \"point\":50 }]', 436),
(470, 'Gagner plus d\'argent en travaillant moins', '[{\"name\": \"EDE\", \"point\":0 }]', 437),
(471, 'Encadrer le personnel', '[{\"name\": \"EDE\", \"point\":50 }]', 437),
(472, 'Mettre en place de nouvelles techniques ou nouveaux produits', '[{\"name\": \"EDE\", \"point\":100 }]', 437),
(473, 'Gérer tous les papiers administratifs', '[{\"name\": \"EDE\", \"point\":50 }]', 437),
(474, 'La chance', '[{\"name\": \"EDE\", \"point\":25 }]', 438),
(475, 'L’ambition', '[{\"name\": \"EDE\", \"point\":75 }]', 438),
(476, 'Le travail', '[{\"name\": \"EDE\", \"point\":100 }]', 438),
(477, 'La rigueur', '[{\"name\": \"EDE\", \"point\":50 }]', 438),
(478, 'Le besoin d\'être approuvé dans ce que vous faites', '[{\"name\": \"EDE\", \"point\":25 }]', 439),
(479, 'Le besoin de reconnaissance', '[{\"name\": \"EDE\", \"point\":0 }]', 439),
(480, 'Le besoin de changement', '[{\"name\": \"EDE\", \"point\":75 }]', 439),
(481, 'Le besoin de se dépasser', '[{\"name\": \"EDE\", \"point\":100 }]', 439),
(482, 'Du dessin', '[{\"name\": \"ECU\", \"point\":75 }]', 440),
(483, 'De la danse', '[{\"name\": \"ECU\", \"point\":75 }]', 440),
(484, 'De la musique', '[{\"name\": \"ECU\", \"point\":75 }]', 440),
(485, 'Du chant', '[{\"name\": \"ECU\", \"point\":75 }]', 440),
(486, 'Plusieurs de ces activités', '[{\"name\": \"ECU\", \"point\":100 }]', 440),
(487, 'Aucune de ces activités', '[{\"name\": \"ECU\", \"point\":0 }]', 440),
(488, 'A discuter avec des amis', '[{\"name\": \"ECU\", \"point\":25 }]', 441),
(489, 'A essayer de faire des rencontres', '[{\"name\": \"ECU\", \"point\":50 },{\"name\": \"CDC\", \"point\":100 }]', 441),
(490, 'Assis sur une banquette', '[{\"name\": \"ECU\", \"point\":0 }]', 441),
(491, 'A danser', '[{\"name\": \"ECU\", \"point\":50 }]', 441),
(492, 'Simone de Beauvoir, la romancière philosophe', '[{\"name\": \"ECU\", \"point\":75 }]', 442),
(493, 'Coco Chanel, la créatrice', '[{\"name\": \"ECU\", \"point\":100 }]', 442),
(494, 'Lucie Aubrac, la résistante', '[{\"name\": \"ECU\", \"point\":50 }]', 442),
(495, 'Simone Signoret, l\'actrice', '[{\"name\": \"ECU\", \"point\":100 }]', 442),
(496, 'Danseur', '[{\"name\": \"ECU\", \"point\":100 }]', 443),
(497, 'Musicien', '[{\"name\": \"ECU\", \"point\":100 }]', 443),
(498, 'Peintre', '[{\"name\": \"ECU\", \"point\":100 }]', 443),
(499, 'Ecrivain', '[{\"name\": \"ECU\", \"point\":100 }]', 443),
(500, 'Aucune de ces possibilités', '[{\"name\": \"ECU\", \"point\":0 }]', 443),
(501, 'Vous faites du sport', '[{\"name\": \"ECU\", \"point\":0 }]', 444),
(502, 'Vous allez à la médiathèque, au musée, au théâtre ou au cinéma', '[{\"name\": \"ECU\", \"point\":100 },{\"name\": \"IVQ\", \"point\":100 }]', 444),
(503, 'Vous regardez des vidéos', '[{\"name\": \"ECU\", \"point\":0 }]', 444),
(504, 'Vous bricolez', '[{\"name\": \"ECU\", \"point\":75 }]', 444),
(505, 'Vous lisez', '[{\"name\": \"ECU\", \"point\":75 }]', 444),
(506, 'Assister au match d\'ouverture du championnat de football de votre club favori', '[{\"name\":\"ECU\",\"point\":0}]', 445),
(507, 'Participer à un atelier de loisirs créatifs', '[{\"name\": \"ECU\", \"point\":100 }]', 445),
(508, 'Aller à un festival de musique', '[{\"name\": \"ECU\", \"point\":75 }]', 445),
(509, 'Passer un week-end culturel à Paris', '[{\"name\": \"ECU\", \"point\":75 }]', 445),
(510, 'Yann Arthus-Bertrand', '[{\"name\": \"ECU\", \"point\":50 }]', 446),
(511, 'Jean Nouvel', '[{\"name\": \"ECU\", \"point\":100 }]', 446),
(512, 'Marc Levy', '[{\"name\": \"ECU\", \"point\":50 }]', 446),
(513, 'Pharrell Williams', '[{\"name\": \"ECU\", \"point\":100 }]', 446),
(514, 'La gastronomie', '[{\"name\": \"ECU\", \"point\":0 }]', 447),
(515, 'La haute couture', '[{\"name\": \"ECU\", \"point\":0 }]', 447),
(516, 'Les voitures de luxe', '[{\"name\": \"ECU\", \"point\":100 }]', 447),
(517, 'La viticulture', '[{\"name\": \"ECU\", \"point\":0 }]', 447),
(518, 'Jamais', '[{\"name\": \"ECU\", \"point\":0 }]', 448),
(519, 'Si nécessaire', '[{\"name\": \"ECU\", \"point\":25 }]', 448),
(520, 'De temps en temps', '[{\"name\": \"ECU\", \"point\":50 }]', 448),
(521, 'Toutes les semaines', '[{\"name\": \"ECU\", \"point\":100 }]', 448),
(522, 'Styliste', '[{\"name\": \"ECU\", \"point\":100 }]', 449),
(523, 'Architecte', '[{\"name\": \"ECU\", \"point\":100 }]', 449),
(524, 'Enseignant en art plastique', '[{\"name\": \"ECU\", \"point\":75 }]', 449),
(525, 'Journaliste', '[{\"name\": \"ECU\", \"point\":50 }]', 449),
(526, 'Principal de collège', '[{\"name\": \"ECU\", \"point\":0 }]', 449),
(527, 'Vous débordez d\'idées', '[{\"name\": \"ECU\", \"point\":100 }]', 450);
INSERT INTO `reponses` (`ID_reponse`, `Libelle_reponse`, `JSON_points_reponse`, `ID_Question_reponse`) VALUES
(528, 'Vous vous inspirez des magazines et grandes tendances', '[{\"name\": \"ECU\", \"point\":75 },{\"name\": \"ESC\", \"point\":100 }]', 450),
(529, 'Vous ne vous en préoccupez pas', '[{\"name\": \"ECU\", \"point\":0 }]', 450),
(530, 'Vous vous contentez du minimum', '[{\"name\": \"ECU\", \"point\":0 }]', 450),
(531, 'Vous attendez le dernier moment', '[{\"name\": \"ECU\", \"point\":0 }]', 451),
(532, 'Vous avez plein d\'idées', '[{\"name\": \"ECU\", \"point\":75 }]', 451),
(533, 'Vous offrez ce qu\'on vous demande', '[{\"name\": \"ECU\", \"point\":0 }]', 451),
(534, 'Vous confectionnez des cadeaux originaux', '[{\"name\": \"ECU\", \"point\":100 }]', 451),
(535, 'Avoir des doigts de fée', '[{\"name\": \"ECU\", \"point\":50 }]', 452),
(536, 'Toujours prêt à donner un coup de main', '[{\"name\": \"ECU\", \"point\":0 }]', 452),
(537, 'Avoir des idées plein la tête', '[{\"name\": \"ECU\", \"point\":100 }]', 452),
(538, 'Ne pas avoir froid aux yeux', '[{\"name\": \"ECU\", \"point\":0 }]', 452);

-- --------------------------------------------------------

--
-- Structure de la table `session_reponses`
--

CREATE TABLE `session_reponses` (
  `session_reponse_ID` int(11) NOT NULL,
  `session_ID` varchar(255) NOT NULL,
  `question_ID` int(11) NOT NULL,
  `reponse_ID` int(11) NOT NULL,
  `categ_reponse_ID` int(11) NOT NULL,
  `points` int(11) NOT NULL
) ENGINE=InnoDB DEFAULT CHARSET=utf8mb4 COLLATE=utf8mb4_general_ci;

--
-- Déchargement des données de la table `session_reponses`
--

INSERT INTO `session_reponses` (`session_reponse_ID`, `session_ID`, `question_ID`, `reponse_ID`, `categ_reponse_ID`, `points`) VALUES
(1, 'a02bbffc6198e6e0cc2715047bc3766f', 445, 506, 0, 0),
(2, 'a02bbffc6198e6e0cc2715047bc3766f', 428, 434, 0, 50),
(3, 'a02bbffc6198e6e0cc2715047bc3766f', 345, 101, 0, 75),
(4, 'a02bbffc6198e6e0cc2715047bc3766f', 331, 48, 0, 100),
(5, 'a02bbffc6198e6e0cc2715047bc3766f', 406, 349, 0, 75),
(6, 'a02bbffc6198e6e0cc2715047bc3766f', 373, 213, 0, 100),
(7, 'a02bbffc6198e6e0cc2715047bc3766f', 327, 30, 0, 75),
(8, 'a02bbffc6198e6e0cc2715047bc3766f', 430, 444, 0, 100),
(9, 'a02bbffc6198e6e0cc2715047bc3766f', 385, 263, 0, 100),
(10, 'a02bbffc6198e6e0cc2715047bc3766f', 407, 352, 0, 100),
(11, 'a02bbffc6198e6e0cc2715047bc3766f', 438, 476, 0, 100),
(12, 'a02bbffc6198e6e0cc2715047bc3766f', 440, 485, 0, 75),
(13, 'a02bbffc6198e6e0cc2715047bc3766f', 419, 399, 0, 50),
(14, 'a02bbffc6198e6e0cc2715047bc3766f', 337, 72, 0, 50),
(15, 'a02bbffc6198e6e0cc2715047bc3766f', 330, 44, 0, 100),
(16, 'a02bbffc6198e6e0cc2715047bc3766f', 450, 530, 0, 0),
(17, 'a02bbffc6198e6e0cc2715047bc3766f', 359, 158, 0, 100),
(18, 'a02bbffc6198e6e0cc2715047bc3766f', 389, 280, 0, 0),
(19, 'a02bbffc6198e6e0cc2715047bc3766f', 384, 259, 0, 100),
(20, 'a02bbffc6198e6e0cc2715047bc3766f', 378, 236, 0, 0),
(21, 'a02bbffc6198e6e0cc2715047bc3766f', 434, 459, 0, 0),
(22, 'a02bbffc6198e6e0cc2715047bc3766f', 338, 78, 0, 0),
(23, 'a02bbffc6198e6e0cc2715047bc3766f', 356, 144, 0, 0),
(24, 'a02bbffc6198e6e0cc2715047bc3766f', 351, 126, 0, 0),
(25, 'a02bbffc6198e6e0cc2715047bc3766f', 370, 202, 0, 0),
(26, 'a02bbffc6198e6e0cc2715047bc3766f', 448, 519, 0, 25),
(27, 'a02bbffc6198e6e0cc2715047bc3766f', 408, 358, 0, 50),
(28, 'a02bbffc6198e6e0cc2715047bc3766f', 383, 254, 0, 0),
(29, 'a02bbffc6198e6e0cc2715047bc3766f', 402, 329, 0, 75),
(30, 'a02bbffc6198e6e0cc2715047bc3766f', 361, 167, 0, 0),
(31, 'a02bbffc6198e6e0cc2715047bc3766f', 375, 221, 0, 0),
(32, 'a02bbffc6198e6e0cc2715047bc3766f', 367, 189, 0, 0),
(33, 'a02bbffc6198e6e0cc2715047bc3766f', 396, 304, 0, 100),
(34, 'a02bbffc6198e6e0cc2715047bc3766f', 371, 205, 0, 0),
(35, 'a02bbffc6198e6e0cc2715047bc3766f', 353, 135, 0, 0),
(36, 'a02bbffc6198e6e0cc2715047bc3766f', 417, 390, 0, 0),
(37, 'a02bbffc6198e6e0cc2715047bc3766f', 346, 105, 0, 100),
(38, 'a02bbffc6198e6e0cc2715047bc3766f', 422, 414, 0, 0),
(39, 'a02bbffc6198e6e0cc2715047bc3766f', 325, 24, 0, 50),
(40, 'a02bbffc6198e6e0cc2715047bc3766f', 381, 249, 0, 25),
(41, 'a02bbffc6198e6e0cc2715047bc3766f', 423, 416, 0, 25),
(42, 'a02bbffc6198e6e0cc2715047bc3766f', 449, 524, 0, 75),
(43, 'a02bbffc6198e6e0cc2715047bc3766f', 442, 493, 0, 100),
(44, 'a02bbffc6198e6e0cc2715047bc3766f', 405, 342, 0, 100),
(45, 'a02bbffc6198e6e0cc2715047bc3766f', 394, 296, 0, 100),
(46, 'a02bbffc6198e6e0cc2715047bc3766f', 347, 110, 0, 50),
(47, 'a02bbffc6198e6e0cc2715047bc3766f', 358, 153, 0, 100),
(48, 'a02bbffc6198e6e0cc2715047bc3766f', 398, 314, 0, 100),
(49, 'a02bbffc6198e6e0cc2715047bc3766f', 446, 510, 0, 50),
(50, 'a02bbffc6198e6e0cc2715047bc3766f', 418, 397, 0, 50),
(51, 'a02bbffc6198e6e0cc2715047bc3766f', 412, 371, 0, 75),
(52, 'a02bbffc6198e6e0cc2715047bc3766f', 328, 33, 0, 100),
(53, 'a02bbffc6198e6e0cc2715047bc3766f', 401, 328, 0, 100),
(54, 'a02bbffc6198e6e0cc2715047bc3766f', 335, 64, 0, 0),
(55, 'a02bbffc6198e6e0cc2715047bc3766f', 420, 403, 0, 50),
(56, 'a02bbffc6198e6e0cc2715047bc3766f', 399, 315, 0, 100),
(57, 'a02bbffc6198e6e0cc2715047bc3766f', 429, 438, 0, 0),
(58, 'a02bbffc6198e6e0cc2715047bc3766f', 355, 143, 0, 0),
(59, 'a02bbffc6198e6e0cc2715047bc3766f', 350, 122, 0, 50),
(60, 'a02bbffc6198e6e0cc2715047bc3766f', 414, 380, 0, 50),
(61, 'a02bbffc6198e6e0cc2715047bc3766f', 410, 366, 0, 100),
(62, 'a02bbffc6198e6e0cc2715047bc3766f', 436, 466, 0, 100),
(63, 'a02bbffc6198e6e0cc2715047bc3766f', 395, 299, 0, 0),
(64, 'a02bbffc6198e6e0cc2715047bc3766f', 336, 71, 0, 75),
(65, 'a02bbffc6198e6e0cc2715047bc3766f', 339, 80, 0, 0),
(66, 'a02bbffc6198e6e0cc2715047bc3766f', 376, 227, 0, 0),
(67, 'a02bbffc6198e6e0cc2715047bc3766f', 437, 473, 0, 50),
(68, 'a02bbffc6198e6e0cc2715047bc3766f', 362, 168, 0, 0),
(69, 'a02bbffc6198e6e0cc2715047bc3766f', 432, 451, 0, 100),
(70, 'a02bbffc6198e6e0cc2715047bc3766f', 392, 287, 0, 0),
(71, 'a02bbffc6198e6e0cc2715047bc3766f', 365, 182, 0, 0),
(72, 'a02bbffc6198e6e0cc2715047bc3766f', 360, 160, 0, 0),
(73, 'a02bbffc6198e6e0cc2715047bc3766f', 369, 200, 0, 0),
(74, 'a02bbffc6198e6e0cc2715047bc3766f', 427, 433, 0, 100),
(75, 'a02bbffc6198e6e0cc2715047bc3766f', 444, 501, 0, 0),
(76, 'a02bbffc6198e6e0cc2715047bc3766f', 352, 128, 0, 0),
(77, 'a02bbffc6198e6e0cc2715047bc3766f', 343, 94, 0, 0),
(78, 'a02bbffc6198e6e0cc2715047bc3766f', 320, 1, 0, 25),
(79, 'a02bbffc6198e6e0cc2715047bc3766f', 426, 429, 0, 75),
(80, 'a02bbffc6198e6e0cc2715047bc3766f', 404, 338, 0, 0),
(81, 'a02bbffc6198e6e0cc2715047bc3766f', 357, 150, 0, 25),
(82, 'a02bbffc6198e6e0cc2715047bc3766f', 391, 286, 0, 0),
(83, 'a02bbffc6198e6e0cc2715047bc3766f', 435, 465, 0, 0),
(84, 'a02bbffc6198e6e0cc2715047bc3766f', 326, 25, 0, 100),
(85, 'a02bbffc6198e6e0cc2715047bc3766f', 364, 178, 0, 100),
(86, 'a02bbffc6198e6e0cc2715047bc3766f', 451, 534, 0, 100),
(87, 'a02bbffc6198e6e0cc2715047bc3766f', 342, 91, 0, 25),
(88, 'a02bbffc6198e6e0cc2715047bc3766f', 333, 56, 0, 25),
(89, 'a02bbffc6198e6e0cc2715047bc3766f', 379, 241, 0, 50),
(90, 'a02bbffc6198e6e0cc2715047bc3766f', 382, 253, 0, 0),
(91, 'a02bbffc6198e6e0cc2715047bc3766f', 452, 536, 0, 0),
(92, 'a02bbffc6198e6e0cc2715047bc3766f', 380, 243, 0, 25),
(93, 'a02bbffc6198e6e0cc2715047bc3766f', 324, 19, 0, 100),
(94, 'a02bbffc6198e6e0cc2715047bc3766f', 354, 138, 0, 0),
(95, 'a02bbffc6198e6e0cc2715047bc3766f', 416, 388, 0, 100),
(96, 'a02bbffc6198e6e0cc2715047bc3766f', 349, 118, 0, 100),
(97, 'a02bbffc6198e6e0cc2715047bc3766f', 421, 410, 0, 75),
(98, 'a02bbffc6198e6e0cc2715047bc3766f', 377, 229, 0, 0),
(99, 'a02bbffc6198e6e0cc2715047bc3766f', 413, 376, 0, 100),
(100, 'a02bbffc6198e6e0cc2715047bc3766f', 322, 10, 0, 0),
(101, 'a02bbffc6198e6e0cc2715047bc3766f', 433, 455, 0, 75),
(102, 'a02bbffc6198e6e0cc2715047bc3766f', 411, 370, 0, 100),
(103, 'a02bbffc6198e6e0cc2715047bc3766f', 332, 52, 0, 100),
(104, 'a02bbffc6198e6e0cc2715047bc3766f', 366, 187, 0, 100),
(105, 'a02bbffc6198e6e0cc2715047bc3766f', 424, 419, 0, 100),
(106, 'a02bbffc6198e6e0cc2715047bc3766f', 372, 212, 0, 0),
(107, 'a02bbffc6198e6e0cc2715047bc3766f', 425, 423, 0, 25),
(108, 'a02bbffc6198e6e0cc2715047bc3766f', 393, 291, 0, 0),
(109, 'a02bbffc6198e6e0cc2715047bc3766f', 390, 283, 0, 0),
(110, 'a02bbffc6198e6e0cc2715047bc3766f', 386, 267, 0, 0),
(111, 'a02bbffc6198e6e0cc2715047bc3766f', 409, 361, 0, 25),
(112, 'a02bbffc6198e6e0cc2715047bc3766f', 363, 175, 0, 0),
(113, 'a02bbffc6198e6e0cc2715047bc3766f', 397, 307, 0, 0),
(114, 'a02bbffc6198e6e0cc2715047bc3766f', 341, 88, 0, 100),
(115, 'a02bbffc6198e6e0cc2715047bc3766f', 368, 195, 0, 0),
(116, 'a02bbffc6198e6e0cc2715047bc3766f', 403, 335, 0, 25),
(117, 'a02bbffc6198e6e0cc2715047bc3766f', 340, 83, 0, 0),
(118, 'a02bbffc6198e6e0cc2715047bc3766f', 334, 58, 0, 100),
(119, 'a02bbffc6198e6e0cc2715047bc3766f', 439, 478, 0, 25),
(120, 'a02bbffc6198e6e0cc2715047bc3766f', 329, 38, 0, 50),
(121, 'a02bbffc6198e6e0cc2715047bc3766f', 374, 217, 0, 0),
(122, 'a02bbffc6198e6e0cc2715047bc3766f', 447, 516, 0, 100),
(123, 'a02bbffc6198e6e0cc2715047bc3766f', 387, 272, 0, 0),
(124, 'a02bbffc6198e6e0cc2715047bc3766f', 321, 8, 0, 25),
(125, 'a02bbffc6198e6e0cc2715047bc3766f', 443, 498, 0, 100),
(126, 'a02bbffc6198e6e0cc2715047bc3766f', 431, 447, 0, 50),
(127, 'a02bbffc6198e6e0cc2715047bc3766f', 400, 320, 0, 50),
(128, 'a02bbffc6198e6e0cc2715047bc3766f', 441, 489, 0, 50),
(129, 'a02bbffc6198e6e0cc2715047bc3766f', 344, 96, 0, 70),
(130, 'a02bbffc6198e6e0cc2715047bc3766f', 388, 275, 0, 0),
(131, 'a02bbffc6198e6e0cc2715047bc3766f', 348, 116, 0, 100),
(132, 'a02bbffc6198e6e0cc2715047bc3766f', 323, 16, 0, 100),
(133, 'a02bbffc6198e6e0cc2715047bc3766f', 415, 382, 0, 100),
(1531, '73p7g998eigngqj1567t3lgt4r', 449, 524, 0, 75),
(1532, '73p7g998eigngqj1567t3lgt4r', 420, 403, 0, 50),
(1533, '73p7g998eigngqj1567t3lgt4r', 362, 168, 0, 0),
(1534, '73p7g998eigngqj1567t3lgt4r', 372, 212, 0, 0),
(1535, '73p7g998eigngqj1567t3lgt4r', 405, 342, 0, 100),
(1536, '73p7g998eigngqj1567t3lgt4r', 330, 44, 0, 100),
(1537, '73p7g998eigngqj1567t3lgt4r', 373, 213, 0, 100),
(1538, '73p7g998eigngqj1567t3lgt4r', 394, 296, 0, 100),
(1539, '73p7g998eigngqj1567t3lgt4r', 447, 516, 0, 100),
(1540, '73p7g998eigngqj1567t3lgt4r', 320, 1, 0, 25),
(1541, '73p7g998eigngqj1567t3lgt4r', 377, 229, 0, 0),
(1542, '73p7g998eigngqj1567t3lgt4r', 408, 358, 0, 50),
(1543, '73p7g998eigngqj1567t3lgt4r', 438, 476, 0, 100),
(1544, '73p7g998eigngqj1567t3lgt4r', 450, 530, 0, 0),
(1545, '73p7g998eigngqj1567t3lgt4r', 357, 150, 0, 25),
(1546, '73p7g998eigngqj1567t3lgt4r', 414, 380, 0, 50),
(1547, '73p7g998eigngqj1567t3lgt4r', 391, 286, 0, 0),
(1548, '73p7g998eigngqj1567t3lgt4r', 416, 388, 0, 100),
(1549, '73p7g998eigngqj1567t3lgt4r', 352, 128, 0, 0),
(1550, '73p7g998eigngqj1567t3lgt4r', 445, 506, 0, 0),
(1551, '73p7g998eigngqj1567t3lgt4r', 442, 493, 0, 100),
(1552, '73p7g998eigngqj1567t3lgt4r', 428, 434, 0, 50),
(1553, '73p7g998eigngqj1567t3lgt4r', 422, 414, 0, 0),
(1554, '73p7g998eigngqj1567t3lgt4r', 370, 202, 0, 0),
(1555, '73p7g998eigngqj1567t3lgt4r', 349, 118, 0, 100),
(1556, '73p7g998eigngqj1567t3lgt4r', 374, 217, 0, 0),
(1557, '73p7g998eigngqj1567t3lgt4r', 359, 158, 0, 100),
(1558, '73p7g998eigngqj1567t3lgt4r', 434, 459, 0, 0),
(1559, '73p7g998eigngqj1567t3lgt4r', 397, 307, 0, 0),
(1560, '73p7g998eigngqj1567t3lgt4r', 366, 187, 0, 100),
(1561, '73p7g998eigngqj1567t3lgt4r', 437, 473, 0, 50),
(1562, '73p7g998eigngqj1567t3lgt4r', 399, 315, 0, 100),
(1563, '73p7g998eigngqj1567t3lgt4r', 376, 227, 0, 0),
(1564, '73p7g998eigngqj1567t3lgt4r', 444, 501, 0, 0),
(1565, '73p7g998eigngqj1567t3lgt4r', 385, 263, 0, 100),
(1566, '73p7g998eigngqj1567t3lgt4r', 363, 175, 0, 0),
(1567, '73p7g998eigngqj1567t3lgt4r', 343, 94, 0, 0),
(1568, '73p7g998eigngqj1567t3lgt4r', 441, 489, 0, 50),
(1569, '73p7g998eigngqj1567t3lgt4r', 364, 178, 0, 100),
(1570, '73p7g998eigngqj1567t3lgt4r', 400, 320, 0, 50),
(1571, '73p7g998eigngqj1567t3lgt4r', 354, 138, 0, 0),
(1572, '73p7g998eigngqj1567t3lgt4r', 451, 534, 0, 100),
(1573, '73p7g998eigngqj1567t3lgt4r', 406, 349, 0, 75),
(1574, '73p7g998eigngqj1567t3lgt4r', 382, 253, 0, 0),
(1575, '73p7g998eigngqj1567t3lgt4r', 396, 304, 0, 100),
(1576, '73p7g998eigngqj1567t3lgt4r', 348, 116, 0, 100),
(1577, '73p7g998eigngqj1567t3lgt4r', 393, 291, 0, 0),
(1578, '73p7g998eigngqj1567t3lgt4r', 435, 465, 0, 0),
(1579, '73p7g998eigngqj1567t3lgt4r', 418, 397, 0, 50),
(1580, '73p7g998eigngqj1567t3lgt4r', 350, 122, 0, 50),
(1581, '73p7g998eigngqj1567t3lgt4r', 328, 33, 0, 100),
(1582, '73p7g998eigngqj1567t3lgt4r', 432, 451, 0, 100),
(1583, '73p7g998eigngqj1567t3lgt4r', 419, 399, 0, 50),
(1584, '73p7g998eigngqj1567t3lgt4r', 379, 241, 0, 50),
(1585, '73p7g998eigngqj1567t3lgt4r', 389, 280, 0, 0),
(1586, '73p7g998eigngqj1567t3lgt4r', 413, 376, 0, 100),
(1587, '73p7g998eigngqj1567t3lgt4r', 333, 56, 0, 25),
(1588, '73p7g998eigngqj1567t3lgt4r', 433, 455, 0, 75),
(1589, '73p7g998eigngqj1567t3lgt4r', 378, 236, 0, 0),
(1590, '73p7g998eigngqj1567t3lgt4r', 345, 101, 0, 75),
(1591, '73p7g998eigngqj1567t3lgt4r', 331, 48, 0, 100),
(1592, '73p7g998eigngqj1567t3lgt4r', 326, 25, 0, 100),
(1593, '73p7g998eigngqj1567t3lgt4r', 356, 144, 0, 0),
(1594, '73p7g998eigngqj1567t3lgt4r', 324, 19, 0, 100),
(1595, '73p7g998eigngqj1567t3lgt4r', 404, 338, 0, 0),
(1596, '73p7g998eigngqj1567t3lgt4r', 383, 254, 0, 0),
(1597, '73p7g998eigngqj1567t3lgt4r', 439, 478, 0, 25),
(1598, '73p7g998eigngqj1567t3lgt4r', 424, 419, 0, 100),
(1599, '73p7g998eigngqj1567t3lgt4r', 332, 52, 0, 100),
(1600, '73p7g998eigngqj1567t3lgt4r', 448, 519, 0, 25),
(1601, '73p7g998eigngqj1567t3lgt4r', 421, 410, 0, 75),
(1602, '73p7g998eigngqj1567t3lgt4r', 429, 438, 0, 0),
(1603, '73p7g998eigngqj1567t3lgt4r', 338, 78, 0, 0),
(1604, '73p7g998eigngqj1567t3lgt4r', 346, 105, 0, 100),
(1605, '73p7g998eigngqj1567t3lgt4r', 325, 24, 0, 50),
(1606, '73p7g998eigngqj1567t3lgt4r', 369, 200, 0, 0),
(1607, '73p7g998eigngqj1567t3lgt4r', 358, 153, 0, 100),
(1608, '73p7g998eigngqj1567t3lgt4r', 347, 110, 0, 50),
(1609, '73p7g998eigngqj1567t3lgt4r', 371, 205, 0, 0),
(1610, '73p7g998eigngqj1567t3lgt4r', 427, 433, 0, 100),
(1611, '73p7g998eigngqj1567t3lgt4r', 344, 96, 0, 70),
(1612, '73p7g998eigngqj1567t3lgt4r', 367, 189, 0, 0),
(1613, '73p7g998eigngqj1567t3lgt4r', 334, 58, 0, 100),
(1614, '73p7g998eigngqj1567t3lgt4r', 452, 536, 0, 0),
(1615, '73p7g998eigngqj1567t3lgt4r', 340, 83, 0, 0),
(1616, '73p7g998eigngqj1567t3lgt4r', 436, 466, 0, 100),
(1617, '73p7g998eigngqj1567t3lgt4r', 336, 71, 0, 75),
(1618, '73p7g998eigngqj1567t3lgt4r', 425, 423, 0, 25),
(1619, '73p7g998eigngqj1567t3lgt4r', 443, 498, 0, 100),
(1620, '73p7g998eigngqj1567t3lgt4r', 322, 10, 0, 0),
(1621, '73p7g998eigngqj1567t3lgt4r', 392, 287, 0, 0),
(1622, '73p7g998eigngqj1567t3lgt4r', 368, 195, 0, 0),
(1623, '73p7g998eigngqj1567t3lgt4r', 375, 221, 0, 0),
(1624, '73p7g998eigngqj1567t3lgt4r', 323, 16, 0, 100),
(1625, '73p7g998eigngqj1567t3lgt4r', 337, 72, 0, 50),
(1626, '73p7g998eigngqj1567t3lgt4r', 402, 329, 0, 75),
(1627, '73p7g998eigngqj1567t3lgt4r', 430, 444, 0, 100),
(1628, '73p7g998eigngqj1567t3lgt4r', 426, 429, 0, 75),
(1629, '73p7g998eigngqj1567t3lgt4r', 381, 249, 0, 25),
(1630, '73p7g998eigngqj1567t3lgt4r', 384, 259, 0, 100),
(1631, '73p7g998eigngqj1567t3lgt4r', 423, 416, 0, 25),
(1632, '73p7g998eigngqj1567t3lgt4r', 409, 361, 0, 25),
(1633, '73p7g998eigngqj1567t3lgt4r', 341, 88, 0, 100),
(1634, '73p7g998eigngqj1567t3lgt4r', 440, 485, 0, 75),
(1635, '73p7g998eigngqj1567t3lgt4r', 412, 371, 0, 75),
(1636, '73p7g998eigngqj1567t3lgt4r', 327, 30, 0, 75),
(1637, '73p7g998eigngqj1567t3lgt4r', 407, 352, 0, 100),
(1638, '73p7g998eigngqj1567t3lgt4r', 365, 182, 0, 0),
(1639, '73p7g998eigngqj1567t3lgt4r', 380, 243, 0, 25),
(1640, '73p7g998eigngqj1567t3lgt4r', 410, 366, 0, 100),
(1641, '73p7g998eigngqj1567t3lgt4r', 388, 275, 0, 0),
(1642, '73p7g998eigngqj1567t3lgt4r', 415, 382, 0, 100),
(1643, '73p7g998eigngqj1567t3lgt4r', 411, 370, 0, 100),
(1644, '73p7g998eigngqj1567t3lgt4r', 329, 38, 0, 50),
(1645, '73p7g998eigngqj1567t3lgt4r', 446, 510, 0, 50),
(1646, '73p7g998eigngqj1567t3lgt4r', 360, 160, 0, 0),
(1647, '73p7g998eigngqj1567t3lgt4r', 395, 299, 0, 0),
(1648, '73p7g998eigngqj1567t3lgt4r', 351, 126, 0, 0),
(1649, '73p7g998eigngqj1567t3lgt4r', 390, 283, 0, 0),
(1650, '73p7g998eigngqj1567t3lgt4r', 355, 143, 0, 0),
(1651, '73p7g998eigngqj1567t3lgt4r', 339, 80, 0, 0),
(1652, '73p7g998eigngqj1567t3lgt4r', 361, 167, 0, 0),
(1653, '73p7g998eigngqj1567t3lgt4r', 387, 272, 0, 0),
(1654, '73p7g998eigngqj1567t3lgt4r', 353, 135, 0, 0),
(1655, '73p7g998eigngqj1567t3lgt4r', 386, 267, 0, 0),
(1656, '73p7g998eigngqj1567t3lgt4r', 342, 91, 0, 25),
(1657, '73p7g998eigngqj1567t3lgt4r', 431, 447, 0, 50),
(1658, '73p7g998eigngqj1567t3lgt4r', 417, 390, 0, 0),
(1659, '73p7g998eigngqj1567t3lgt4r', 401, 328, 0, 100),
(1660, '73p7g998eigngqj1567t3lgt4r', 335, 64, 0, 0),
(1661, '73p7g998eigngqj1567t3lgt4r', 403, 335, 0, 25),
(1662, '73p7g998eigngqj1567t3lgt4r', 321, 8, 0, 25),
(1663, '73p7g998eigngqj1567t3lgt4r', 398, 314, 0, 100),
(1664, 'j98gfsbs4rg7d8qhmjsg2q4nhu', 388, 275, 0, 0),
(1665, 'j98gfsbs4rg7d8qhmjsg2q4nhu', 408, 358, 0, 50),
(1666, 'j98gfsbs4rg7d8qhmjsg2q4nhu', 426, 429, 0, 75),
(1667, 'j98gfsbs4rg7d8qhmjsg2q4nhu', 337, 72, 0, 50),
(1668, 'j98gfsbs4rg7d8qhmjsg2q4nhu', 345, 101, 0, 75),
(1669, 'j98gfsbs4rg7d8qhmjsg2q4nhu', 341, 88, 0, 100),
(1670, 'j98gfsbs4rg7d8qhmjsg2q4nhu', 449, 524, 0, 75),
(1671, 'j98gfsbs4rg7d8qhmjsg2q4nhu', 383, 254, 0, 0),
(1672, 'j98gfsbs4rg7d8qhmjsg2q4nhu', 437, 473, 0, 50),
(1673, 'j98gfsbs4rg7d8qhmjsg2q4nhu', 442, 493, 0, 100),
(1674, 'j98gfsbs4rg7d8qhmjsg2q4nhu', 393, 291, 0, 0),
(1675, 'j98gfsbs4rg7d8qhmjsg2q4nhu', 344, 96, 0, 70),
(1676, 'j98gfsbs4rg7d8qhmjsg2q4nhu', 355, 143, 0, 0),
(1677, 'j98gfsbs4rg7d8qhmjsg2q4nhu', 321, 8, 0, 25),
(1678, 'j98gfsbs4rg7d8qhmjsg2q4nhu', 400, 320, 0, 50),
(1679, 'j98gfsbs4rg7d8qhmjsg2q4nhu', 327, 30, 0, 75),
(1680, 'j98gfsbs4rg7d8qhmjsg2q4nhu', 447, 516, 0, 100),
(1681, 'j98gfsbs4rg7d8qhmjsg2q4nhu', 323, 16, 0, 100),
(1682, 'j98gfsbs4rg7d8qhmjsg2q4nhu', 410, 366, 0, 100),
(1683, 'j98gfsbs4rg7d8qhmjsg2q4nhu', 413, 376, 0, 100),
(1684, 'j98gfsbs4rg7d8qhmjsg2q4nhu', 361, 167, 0, 0),
(1685, 'j98gfsbs4rg7d8qhmjsg2q4nhu', 351, 126, 0, 0),
(1686, 'j98gfsbs4rg7d8qhmjsg2q4nhu', 445, 506, 0, 0),
(1687, 'j98gfsbs4rg7d8qhmjsg2q4nhu', 431, 447, 0, 50),
(1688, 'j98gfsbs4rg7d8qhmjsg2q4nhu', 358, 153, 0, 100),
(1689, 'j98gfsbs4rg7d8qhmjsg2q4nhu', 398, 314, 0, 100),
(1690, 'j98gfsbs4rg7d8qhmjsg2q4nhu', 375, 221, 0, 0),
(1691, 'j98gfsbs4rg7d8qhmjsg2q4nhu', 335, 64, 0, 0),
(1692, 'j98gfsbs4rg7d8qhmjsg2q4nhu', 331, 48, 0, 100),
(1693, 'j98gfsbs4rg7d8qhmjsg2q4nhu', 389, 280, 0, 0),
(1694, 'j98gfsbs4rg7d8qhmjsg2q4nhu', 434, 459, 0, 0),
(1695, 'j98gfsbs4rg7d8qhmjsg2q4nhu', 390, 283, 0, 0),
(1696, 'j98gfsbs4rg7d8qhmjsg2q4nhu', 429, 438, 0, 0),
(1697, 'j98gfsbs4rg7d8qhmjsg2q4nhu', 340, 83, 0, 0),
(1698, 'j98gfsbs4rg7d8qhmjsg2q4nhu', 439, 478, 0, 25),
(1699, 'j98gfsbs4rg7d8qhmjsg2q4nhu', 366, 187, 0, 100),
(1700, 'j98gfsbs4rg7d8qhmjsg2q4nhu', 378, 236, 0, 0),
(1701, 'j98gfsbs4rg7d8qhmjsg2q4nhu', 422, 414, 0, 0),
(1702, 'j98gfsbs4rg7d8qhmjsg2q4nhu', 368, 195, 0, 0),
(1703, 'j98gfsbs4rg7d8qhmjsg2q4nhu', 394, 296, 0, 100),
(1704, 'j98gfsbs4rg7d8qhmjsg2q4nhu', 347, 110, 0, 50),
(1705, 'j98gfsbs4rg7d8qhmjsg2q4nhu', 395, 299, 0, 0),
(1706, 'j98gfsbs4rg7d8qhmjsg2q4nhu', 329, 38, 0, 50),
(1707, 'j98gfsbs4rg7d8qhmjsg2q4nhu', 377, 229, 0, 0),
(1708, 'j98gfsbs4rg7d8qhmjsg2q4nhu', 428, 434, 0, 50),
(1709, 'j98gfsbs4rg7d8qhmjsg2q4nhu', 423, 416, 0, 25),
(1710, 'j98gfsbs4rg7d8qhmjsg2q4nhu', 421, 410, 0, 75),
(1711, 'j98gfsbs4rg7d8qhmjsg2q4nhu', 444, 501, 0, 0),
(1712, 'j98gfsbs4rg7d8qhmjsg2q4nhu', 342, 91, 0, 25),
(1713, 'j98gfsbs4rg7d8qhmjsg2q4nhu', 401, 328, 0, 100),
(1714, 'j98gfsbs4rg7d8qhmjsg2q4nhu', 392, 287, 0, 0),
(1715, 'j98gfsbs4rg7d8qhmjsg2q4nhu', 430, 444, 0, 100),
(1716, 'j98gfsbs4rg7d8qhmjsg2q4nhu', 417, 390, 0, 0),
(1717, 'j98gfsbs4rg7d8qhmjsg2q4nhu', 330, 44, 0, 100),
(1718, 'j98gfsbs4rg7d8qhmjsg2q4nhu', 397, 307, 0, 0),
(1719, 'j98gfsbs4rg7d8qhmjsg2q4nhu', 419, 399, 0, 50),
(1720, 'j98gfsbs4rg7d8qhmjsg2q4nhu', 363, 175, 0, 0),
(1721, 'j98gfsbs4rg7d8qhmjsg2q4nhu', 352, 128, 0, 0),
(1722, 'j98gfsbs4rg7d8qhmjsg2q4nhu', 427, 433, 0, 100),
(1723, 'j98gfsbs4rg7d8qhmjsg2q4nhu', 448, 519, 0, 25),
(1724, 'j98gfsbs4rg7d8qhmjsg2q4nhu', 379, 241, 0, 50),
(1725, 'j98gfsbs4rg7d8qhmjsg2q4nhu', 451, 534, 0, 100),
(1726, 'j98gfsbs4rg7d8qhmjsg2q4nhu', 381, 249, 0, 25),
(1727, 'j98gfsbs4rg7d8qhmjsg2q4nhu', 370, 202, 0, 0),
(1728, 'j98gfsbs4rg7d8qhmjsg2q4nhu', 433, 455, 0, 75),
(1729, 'j98gfsbs4rg7d8qhmjsg2q4nhu', 336, 71, 0, 75),
(1730, 'j98gfsbs4rg7d8qhmjsg2q4nhu', 420, 403, 0, 50),
(1731, 'j98gfsbs4rg7d8qhmjsg2q4nhu', 425, 423, 0, 25),
(1732, 'j98gfsbs4rg7d8qhmjsg2q4nhu', 334, 58, 0, 100),
(1733, 'j98gfsbs4rg7d8qhmjsg2q4nhu', 338, 78, 0, 0),
(1734, 'j98gfsbs4rg7d8qhmjsg2q4nhu', 373, 213, 0, 100),
(1735, 'j98gfsbs4rg7d8qhmjsg2q4nhu', 362, 168, 0, 0),
(1736, 'j98gfsbs4rg7d8qhmjsg2q4nhu', 387, 272, 0, 0),
(1737, 'j98gfsbs4rg7d8qhmjsg2q4nhu', 364, 178, 0, 100),
(1738, 'j98gfsbs4rg7d8qhmjsg2q4nhu', 380, 243, 0, 25),
(1739, 'j98gfsbs4rg7d8qhmjsg2q4nhu', 365, 182, 0, 0),
(1740, 'j98gfsbs4rg7d8qhmjsg2q4nhu', 324, 19, 0, 100),
(1741, 'j98gfsbs4rg7d8qhmjsg2q4nhu', 402, 329, 0, 75),
(1742, 'j98gfsbs4rg7d8qhmjsg2q4nhu', 384, 259, 0, 100),
(1743, 'j98gfsbs4rg7d8qhmjsg2q4nhu', 414, 380, 0, 50),
(1744, 'j98gfsbs4rg7d8qhmjsg2q4nhu', 367, 189, 0, 0),
(1745, 'j98gfsbs4rg7d8qhmjsg2q4nhu', 409, 361, 0, 25),
(1746, 'j98gfsbs4rg7d8qhmjsg2q4nhu', 326, 25, 0, 100),
(1747, 'j98gfsbs4rg7d8qhmjsg2q4nhu', 391, 286, 0, 0),
(1748, 'j98gfsbs4rg7d8qhmjsg2q4nhu', 320, 1, 0, 25),
(1749, 'j98gfsbs4rg7d8qhmjsg2q4nhu', 386, 267, 0, 0),
(1750, 'j98gfsbs4rg7d8qhmjsg2q4nhu', 371, 205, 0, 0),
(1751, 'j98gfsbs4rg7d8qhmjsg2q4nhu', 396, 304, 0, 100),
(1752, 'j98gfsbs4rg7d8qhmjsg2q4nhu', 325, 24, 0, 50),
(1753, 'j98gfsbs4rg7d8qhmjsg2q4nhu', 369, 200, 0, 0),
(1754, 'j98gfsbs4rg7d8qhmjsg2q4nhu', 322, 10, 0, 0),
(1755, 'j98gfsbs4rg7d8qhmjsg2q4nhu', 406, 349, 0, 75),
(1756, 'j98gfsbs4rg7d8qhmjsg2q4nhu', 416, 388, 0, 100),
(1757, 'j98gfsbs4rg7d8qhmjsg2q4nhu', 372, 212, 0, 0),
(1758, 'j98gfsbs4rg7d8qhmjsg2q4nhu', 415, 382, 0, 100),
(1759, 'j98gfsbs4rg7d8qhmjsg2q4nhu', 412, 371, 0, 75),
(1760, 'j98gfsbs4rg7d8qhmjsg2q4nhu', 357, 150, 0, 25),
(1761, 'j98gfsbs4rg7d8qhmjsg2q4nhu', 435, 465, 0, 0),
(1762, 'j98gfsbs4rg7d8qhmjsg2q4nhu', 446, 510, 0, 50),
(1763, 'j98gfsbs4rg7d8qhmjsg2q4nhu', 328, 33, 0, 100),
(1764, 'j98gfsbs4rg7d8qhmjsg2q4nhu', 440, 485, 0, 75),
(1765, 'j98gfsbs4rg7d8qhmjsg2q4nhu', 399, 315, 0, 100),
(1766, 'j98gfsbs4rg7d8qhmjsg2q4nhu', 360, 160, 0, 0),
(1767, 'j98gfsbs4rg7d8qhmjsg2q4nhu', 374, 217, 0, 0),
(1768, 'j98gfsbs4rg7d8qhmjsg2q4nhu', 350, 122, 0, 50),
(1769, 'j98gfsbs4rg7d8qhmjsg2q4nhu', 376, 227, 0, 0),
(1770, 'j98gfsbs4rg7d8qhmjsg2q4nhu', 339, 80, 0, 0),
(1771, 'j98gfsbs4rg7d8qhmjsg2q4nhu', 356, 144, 0, 0),
(1772, 'j98gfsbs4rg7d8qhmjsg2q4nhu', 407, 352, 0, 100),
(1773, 'j98gfsbs4rg7d8qhmjsg2q4nhu', 411, 370, 0, 100),
(1774, 'j98gfsbs4rg7d8qhmjsg2q4nhu', 432, 451, 0, 100),
(1775, 'j98gfsbs4rg7d8qhmjsg2q4nhu', 436, 466, 0, 100),
(1776, 'j98gfsbs4rg7d8qhmjsg2q4nhu', 333, 56, 0, 25),
(1777, 'j98gfsbs4rg7d8qhmjsg2q4nhu', 343, 94, 0, 0),
(1778, 'j98gfsbs4rg7d8qhmjsg2q4nhu', 441, 489, 0, 50),
(1779, 'j98gfsbs4rg7d8qhmjsg2q4nhu', 353, 135, 0, 0),
(1780, 'j98gfsbs4rg7d8qhmjsg2q4nhu', 452, 536, 0, 0),
(1781, 'j98gfsbs4rg7d8qhmjsg2q4nhu', 359, 158, 0, 100),
(1782, 'j98gfsbs4rg7d8qhmjsg2q4nhu', 346, 105, 0, 100),
(1783, 'j98gfsbs4rg7d8qhmjsg2q4nhu', 385, 263, 0, 100),
(1784, 'j98gfsbs4rg7d8qhmjsg2q4nhu', 438, 476, 0, 100),
(1785, 'j98gfsbs4rg7d8qhmjsg2q4nhu', 405, 342, 0, 100),
(1786, 'j98gfsbs4rg7d8qhmjsg2q4nhu', 332, 52, 0, 100),
(1787, 'j98gfsbs4rg7d8qhmjsg2q4nhu', 424, 419, 0, 100),
(1788, 'j98gfsbs4rg7d8qhmjsg2q4nhu', 443, 498, 0, 100),
(1789, 'j98gfsbs4rg7d8qhmjsg2q4nhu', 418, 397, 0, 50),
(1790, 'j98gfsbs4rg7d8qhmjsg2q4nhu', 354, 138, 0, 0),
(1791, 'j98gfsbs4rg7d8qhmjsg2q4nhu', 382, 253, 0, 0),
(1792, 'j98gfsbs4rg7d8qhmjsg2q4nhu', 349, 118, 0, 100),
(1793, 'j98gfsbs4rg7d8qhmjsg2q4nhu', 450, 530, 0, 0),
(1794, 'j98gfsbs4rg7d8qhmjsg2q4nhu', 404, 338, 0, 0),
(1795, 'j98gfsbs4rg7d8qhmjsg2q4nhu', 403, 335, 0, 25),
(1796, 'j98gfsbs4rg7d8qhmjsg2q4nhu', 348, 116, 0, 100),
(1919, 'g7t06ajnujsrbp4vrmfctv002q', 322, 10, 0, 0),
(1920, 'g7t06ajnujsrbp4vrmfctv002q', 387, 272, 0, 0),
(1921, 'g7t06ajnujsrbp4vrmfctv002q', 327, 30, 0, 75),
(1922, 'g7t06ajnujsrbp4vrmfctv002q', 342, 91, 0, 25),
(1923, 'g7t06ajnujsrbp4vrmfctv002q', 385, 263, 0, 100),
(1924, 'g7t06ajnujsrbp4vrmfctv002q', 447, 516, 0, 100),
(1925, 'g7t06ajnujsrbp4vrmfctv002q', 428, 434, 0, 50),
(1926, 'g7t06ajnujsrbp4vrmfctv002q', 364, 178, 0, 100),
(1927, 'g7t06ajnujsrbp4vrmfctv002q', 452, 536, 0, 0),
(1928, 'g7t06ajnujsrbp4vrmfctv002q', 418, 397, 0, 50),
(1929, 'g7t06ajnujsrbp4vrmfctv002q', 360, 160, 0, 0),
(1930, 'g7t06ajnujsrbp4vrmfctv002q', 411, 370, 0, 100),
(1931, 'g7t06ajnujsrbp4vrmfctv002q', 433, 455, 0, 75),
(1932, 'g7t06ajnujsrbp4vrmfctv002q', 341, 88, 0, 100),
(1933, 'g7t06ajnujsrbp4vrmfctv002q', 399, 315, 0, 100),
(1934, 'g7t06ajnujsrbp4vrmfctv002q', 396, 304, 0, 100),
(1935, 'g7t06ajnujsrbp4vrmfctv002q', 445, 506, 0, 0),
(1936, 'g7t06ajnujsrbp4vrmfctv002q', 372, 212, 0, 0),
(1937, 'g7t06ajnujsrbp4vrmfctv002q', 354, 138, 0, 0),
(1938, 'g7t06ajnujsrbp4vrmfctv002q', 330, 44, 0, 100),
(1939, 'g7t06ajnujsrbp4vrmfctv002q', 344, 96, 0, 70),
(1940, 'g7t06ajnujsrbp4vrmfctv002q', 389, 280, 0, 0),
(1941, 'g7t06ajnujsrbp4vrmfctv002q', 397, 307, 0, 0),
(1942, 'g7t06ajnujsrbp4vrmfctv002q', 421, 410, 0, 75),
(1943, 'g7t06ajnujsrbp4vrmfctv002q', 336, 71, 0, 75),
(1944, 'g7t06ajnujsrbp4vrmfctv002q', 431, 447, 0, 50),
(1945, 'g7t06ajnujsrbp4vrmfctv002q', 435, 465, 0, 0),
(1946, 'g7t06ajnujsrbp4vrmfctv002q', 430, 444, 0, 100),
(1947, 'g7t06ajnujsrbp4vrmfctv002q', 334, 58, 0, 100),
(1948, 'g7t06ajnujsrbp4vrmfctv002q', 410, 366, 0, 100),
(1949, 'g7t06ajnujsrbp4vrmfctv002q', 420, 403, 0, 50),
(1950, 'g7t06ajnujsrbp4vrmfctv002q', 345, 101, 0, 75),
(1951, 'g7t06ajnujsrbp4vrmfctv002q', 369, 200, 0, 0),
(1952, 'g7t06ajnujsrbp4vrmfctv002q', 422, 414, 0, 0),
(1953, 'g7t06ajnujsrbp4vrmfctv002q', 353, 135, 0, 0),
(1954, 'g7t06ajnujsrbp4vrmfctv002q', 362, 168, 0, 0),
(1955, 'g7t06ajnujsrbp4vrmfctv002q', 429, 438, 0, 0),
(1956, 'g7t06ajnujsrbp4vrmfctv002q', 356, 144, 0, 0),
(1957, 'g7t06ajnujsrbp4vrmfctv002q', 446, 510, 0, 50),
(1958, 'g7t06ajnujsrbp4vrmfctv002q', 394, 296, 0, 100),
(1959, 'g7t06ajnujsrbp4vrmfctv002q', 383, 254, 0, 0),
(1960, 'g7t06ajnujsrbp4vrmfctv002q', 451, 534, 0, 100),
(1961, 'g7t06ajnujsrbp4vrmfctv002q', 419, 399, 0, 50),
(1962, 'g7t06ajnujsrbp4vrmfctv002q', 375, 221, 0, 0),
(1963, 'g7t06ajnujsrbp4vrmfctv002q', 441, 489, 0, 50),
(1964, 'g7t06ajnujsrbp4vrmfctv002q', 405, 342, 0, 100),
(1965, 'g7t06ajnujsrbp4vrmfctv002q', 432, 451, 0, 100),
(1966, 'g7t06ajnujsrbp4vrmfctv002q', 448, 519, 0, 25),
(1967, 'g7t06ajnujsrbp4vrmfctv002q', 442, 493, 0, 100),
(1968, 'g7t06ajnujsrbp4vrmfctv002q', 408, 358, 0, 50),
(1969, 'g7t06ajnujsrbp4vrmfctv002q', 407, 352, 0, 100),
(1970, 'g7t06ajnujsrbp4vrmfctv002q', 320, 1, 0, 25),
(1971, 'g7t06ajnujsrbp4vrmfctv002q', 335, 64, 0, 0),
(1972, 'g7t06ajnujsrbp4vrmfctv002q', 401, 328, 0, 100),
(1973, 'g7t06ajnujsrbp4vrmfctv002q', 331, 48, 0, 100),
(1974, 'g7t06ajnujsrbp4vrmfctv002q', 404, 338, 0, 0),
(1975, 'g7t06ajnujsrbp4vrmfctv002q', 332, 52, 0, 100),
(1976, 'g7t06ajnujsrbp4vrmfctv002q', 378, 236, 0, 0),
(1977, 'g7t06ajnujsrbp4vrmfctv002q', 368, 195, 0, 0),
(1978, 'g7t06ajnujsrbp4vrmfctv002q', 351, 126, 0, 0),
(1979, 'g7t06ajnujsrbp4vrmfctv002q', 379, 241, 0, 50),
(1980, 'g7t06ajnujsrbp4vrmfctv002q', 440, 485, 0, 75),
(1981, 'g7t06ajnujsrbp4vrmfctv002q', 436, 466, 0, 100),
(1982, 'g7t06ajnujsrbp4vrmfctv002q', 444, 501, 0, 0),
(1983, 'g7t06ajnujsrbp4vrmfctv002q', 350, 122, 0, 50),
(1984, 'g7t06ajnujsrbp4vrmfctv002q', 339, 80, 0, 0),
(1985, 'g7t06ajnujsrbp4vrmfctv002q', 406, 349, 0, 75),
(1986, 'g7t06ajnujsrbp4vrmfctv002q', 381, 249, 0, 25),
(1987, 'g7t06ajnujsrbp4vrmfctv002q', 416, 388, 0, 100),
(1988, 'g7t06ajnujsrbp4vrmfctv002q', 340, 83, 0, 0),
(1989, 'g7t06ajnujsrbp4vrmfctv002q', 434, 459, 0, 0),
(1990, 'g7t06ajnujsrbp4vrmfctv002q', 359, 158, 0, 100),
(1991, 'g7t06ajnujsrbp4vrmfctv002q', 424, 419, 0, 100),
(1992, 'g7t06ajnujsrbp4vrmfctv002q', 357, 150, 0, 25),
(1993, 'g7t06ajnujsrbp4vrmfctv002q', 326, 25, 0, 100),
(1994, 'g7t06ajnujsrbp4vrmfctv002q', 398, 314, 0, 100),
(1995, 'g7t06ajnujsrbp4vrmfctv002q', 382, 253, 0, 0),
(1996, 'g7t06ajnujsrbp4vrmfctv002q', 449, 524, 0, 75),
(1997, 'g7t06ajnujsrbp4vrmfctv002q', 347, 110, 0, 50),
(1998, 'g7t06ajnujsrbp4vrmfctv002q', 363, 175, 0, 0),
(1999, 'g7t06ajnujsrbp4vrmfctv002q', 328, 33, 0, 100),
(2000, 'g7t06ajnujsrbp4vrmfctv002q', 365, 182, 0, 0),
(2001, 'g7t06ajnujsrbp4vrmfctv002q', 338, 78, 0, 0),
(2002, 'g7t06ajnujsrbp4vrmfctv002q', 323, 16, 0, 100),
(2003, 'g7t06ajnujsrbp4vrmfctv002q', 349, 118, 0, 100),
(2004, 'g7t06ajnujsrbp4vrmfctv002q', 437, 473, 0, 50),
(2005, 'g7t06ajnujsrbp4vrmfctv002q', 373, 213, 0, 100),
(2006, 'g7t06ajnujsrbp4vrmfctv002q', 427, 433, 0, 100),
(2007, 'g7t06ajnujsrbp4vrmfctv002q', 409, 361, 0, 25),
(2008, 'g7t06ajnujsrbp4vrmfctv002q', 423, 416, 0, 25),
(2009, 'g7t06ajnujsrbp4vrmfctv002q', 346, 105, 0, 100),
(2010, 'g7t06ajnujsrbp4vrmfctv002q', 388, 275, 0, 0),
(2011, 'g7t06ajnujsrbp4vrmfctv002q', 425, 423, 0, 25),
(2012, 'g7t06ajnujsrbp4vrmfctv002q', 414, 380, 0, 50),
(2013, 'g7t06ajnujsrbp4vrmfctv002q', 443, 498, 0, 100),
(2014, 'g7t06ajnujsrbp4vrmfctv002q', 392, 287, 0, 0),
(2015, 'g7t06ajnujsrbp4vrmfctv002q', 352, 128, 0, 0),
(2016, 'g7t06ajnujsrbp4vrmfctv002q', 417, 390, 0, 0),
(2017, 'g7t06ajnujsrbp4vrmfctv002q', 426, 429, 0, 75),
(2018, 'g7t06ajnujsrbp4vrmfctv002q', 366, 187, 0, 100),
(2019, 'g7t06ajnujsrbp4vrmfctv002q', 438, 476, 0, 100),
(2020, 'g7t06ajnujsrbp4vrmfctv002q', 329, 38, 0, 50),
(2021, 'g7t06ajnujsrbp4vrmfctv002q', 384, 259, 0, 100),
(2022, 'g7t06ajnujsrbp4vrmfctv002q', 395, 299, 0, 0),
(2023, 'g7t06ajnujsrbp4vrmfctv002q', 450, 530, 0, 0),
(2024, 'g7t06ajnujsrbp4vrmfctv002q', 321, 8, 0, 25),
(2025, 'g7t06ajnujsrbp4vrmfctv002q', 358, 153, 0, 100),
(2026, 'g7t06ajnujsrbp4vrmfctv002q', 412, 371, 0, 75),
(2027, 'g7t06ajnujsrbp4vrmfctv002q', 337, 72, 0, 50),
(2028, 'g7t06ajnujsrbp4vrmfctv002q', 386, 267, 0, 0),
(2029, 'g7t06ajnujsrbp4vrmfctv002q', 413, 376, 0, 100),
(2030, 'g7t06ajnujsrbp4vrmfctv002q', 374, 217, 0, 0),
(2031, 'g7t06ajnujsrbp4vrmfctv002q', 377, 229, 0, 0),
(2032, 'g7t06ajnujsrbp4vrmfctv002q', 343, 94, 0, 0),
(2033, 'g7t06ajnujsrbp4vrmfctv002q', 348, 116, 0, 100),
(2034, 'g7t06ajnujsrbp4vrmfctv002q', 325, 24, 0, 50),
(2035, 'g7t06ajnujsrbp4vrmfctv002q', 391, 286, 0, 0),
(2036, 'g7t06ajnujsrbp4vrmfctv002q', 390, 283, 0, 0),
(2037, 'g7t06ajnujsrbp4vrmfctv002q', 393, 291, 0, 0),
(2038, 'g7t06ajnujsrbp4vrmfctv002q', 403, 335, 0, 25),
(2039, 'g7t06ajnujsrbp4vrmfctv002q', 333, 56, 0, 25),
(2040, 'g7t06ajnujsrbp4vrmfctv002q', 361, 167, 0, 0),
(2041, 'g7t06ajnujsrbp4vrmfctv002q', 415, 382, 0, 100),
(2042, 'g7t06ajnujsrbp4vrmfctv002q', 367, 189, 0, 0),
(2043, 'g7t06ajnujsrbp4vrmfctv002q', 324, 19, 0, 100),
(2044, 'g7t06ajnujsrbp4vrmfctv002q', 370, 202, 0, 0),
(2045, 'g7t06ajnujsrbp4vrmfctv002q', 400, 320, 0, 50),
(2046, 'g7t06ajnujsrbp4vrmfctv002q', 355, 143, 0, 0),
(2047, 'g7t06ajnujsrbp4vrmfctv002q', 439, 478, 0, 25),
(2048, 'g7t06ajnujsrbp4vrmfctv002q', 376, 227, 0, 0),
(2049, 'g7t06ajnujsrbp4vrmfctv002q', 380, 243, 0, 25),
(2050, 'g7t06ajnujsrbp4vrmfctv002q', 371, 205, 0, 0),
(2051, 'g7t06ajnujsrbp4vrmfctv002q', 402, 329, 0, 75),
(2174, 'jncrtt56i5pj9fnc9ll7v2g210', 402, 0, 0, 0),
(2175, 'jncrtt56i5pj9fnc9ll7v2g210', 429, 0, 0, 0),
(2176, 'jncrtt56i5pj9fnc9ll7v2g210', 360, 0, 0, 0),
(2177, 'jncrtt56i5pj9fnc9ll7v2g210', 435, 0, 0, 0),
(2178, 'jncrtt56i5pj9fnc9ll7v2g210', 449, 0, 0, 0),
(2179, 'jncrtt56i5pj9fnc9ll7v2g210', 414, 0, 0, 0),
(2180, 'jncrtt56i5pj9fnc9ll7v2g210', 378, 0, 0, 0),
(2181, 'jncrtt56i5pj9fnc9ll7v2g210', 444, 0, 0, 0),
(2182, 'jncrtt56i5pj9fnc9ll7v2g210', 434, 0, 0, 0),
(2183, 'jncrtt56i5pj9fnc9ll7v2g210', 377, 0, 0, 0),
(2184, 'jncrtt56i5pj9fnc9ll7v2g210', 353, 0, 0, 0),
(2185, 'jncrtt56i5pj9fnc9ll7v2g210', 418, 0, 0, 0),
(2186, 'jncrtt56i5pj9fnc9ll7v2g210', 403, 0, 0, 0),
(2187, 'jncrtt56i5pj9fnc9ll7v2g210', 341, 0, 0, 0),
(2188, 'jncrtt56i5pj9fnc9ll7v2g210', 408, 358, 0, 50),
(2189, 'jncrtt56i5pj9fnc9ll7v2g210', 423, 0, 0, 0),
(2190, 'jncrtt56i5pj9fnc9ll7v2g210', 328, 0, 0, 0),
(2191, 'jncrtt56i5pj9fnc9ll7v2g210', 367, 0, 0, 0),
(2192, 'jncrtt56i5pj9fnc9ll7v2g210', 406, 0, 0, 0),
(2193, 'jncrtt56i5pj9fnc9ll7v2g210', 335, 0, 0, 0),
(2194, 'jncrtt56i5pj9fnc9ll7v2g210', 354, 0, 0, 0),
(2195, 'jncrtt56i5pj9fnc9ll7v2g210', 356, 0, 0, 0),
(2196, 'jncrtt56i5pj9fnc9ll7v2g210', 345, 0, 0, 0),
(2197, 'jncrtt56i5pj9fnc9ll7v2g210', 427, 0, 0, 0),
(2198, 'jncrtt56i5pj9fnc9ll7v2g210', 396, 0, 0, 0),
(2199, 'jncrtt56i5pj9fnc9ll7v2g210', 357, 0, 0, 0),
(2200, 'jncrtt56i5pj9fnc9ll7v2g210', 424, 0, 0, 0),
(2201, 'jncrtt56i5pj9fnc9ll7v2g210', 382, 0, 0, 0),
(2202, 'jncrtt56i5pj9fnc9ll7v2g210', 330, 0, 0, 0),
(2203, 'jncrtt56i5pj9fnc9ll7v2g210', 446, 0, 0, 0),
(2204, 'jncrtt56i5pj9fnc9ll7v2g210', 450, 0, 0, 0),
(2205, 'jncrtt56i5pj9fnc9ll7v2g210', 344, 0, 0, 0),
(2206, 'jncrtt56i5pj9fnc9ll7v2g210', 320, 0, 0, 0),
(2207, 'jncrtt56i5pj9fnc9ll7v2g210', 451, 0, 0, 0),
(2208, 'jncrtt56i5pj9fnc9ll7v2g210', 400, 0, 0, 0),
(2209, 'jncrtt56i5pj9fnc9ll7v2g210', 347, 0, 0, 0),
(2210, 'jncrtt56i5pj9fnc9ll7v2g210', 397, 0, 0, 0),
(2211, 'jncrtt56i5pj9fnc9ll7v2g210', 426, 0, 0, 0),
(2212, 'jncrtt56i5pj9fnc9ll7v2g210', 430, 0, 0, 0),
(2213, 'jncrtt56i5pj9fnc9ll7v2g210', 438, 0, 0, 0),
(2214, 'jncrtt56i5pj9fnc9ll7v2g210', 370, 0, 0, 0),
(2215, 'jncrtt56i5pj9fnc9ll7v2g210', 388, 0, 0, 0),
(2216, 'jncrtt56i5pj9fnc9ll7v2g210', 349, 0, 0, 0),
(2217, 'jncrtt56i5pj9fnc9ll7v2g210', 359, 0, 0, 0),
(2218, 'jncrtt56i5pj9fnc9ll7v2g210', 420, 0, 0, 0),
(2219, 'jncrtt56i5pj9fnc9ll7v2g210', 441, 0, 0, 0),
(2220, 'jncrtt56i5pj9fnc9ll7v2g210', 404, 0, 0, 0),
(2221, 'jncrtt56i5pj9fnc9ll7v2g210', 352, 0, 0, 0),
(2222, 'jncrtt56i5pj9fnc9ll7v2g210', 336, 0, 0, 0),
(2223, 'jncrtt56i5pj9fnc9ll7v2g210', 366, 0, 0, 0),
(2224, 'jncrtt56i5pj9fnc9ll7v2g210', 334, 0, 0, 0),
(2225, 'jncrtt56i5pj9fnc9ll7v2g210', 322, 0, 0, 0),
(2226, 'jncrtt56i5pj9fnc9ll7v2g210', 368, 0, 0, 0),
(2227, 'jncrtt56i5pj9fnc9ll7v2g210', 409, 0, 0, 0),
(2228, 'jncrtt56i5pj9fnc9ll7v2g210', 443, 0, 0, 0),
(2229, 'jncrtt56i5pj9fnc9ll7v2g210', 394, 0, 0, 0),
(2230, 'jncrtt56i5pj9fnc9ll7v2g210', 363, 0, 0, 0),
(2231, 'jncrtt56i5pj9fnc9ll7v2g210', 422, 414, 0, 0),
(2232, 'jncrtt56i5pj9fnc9ll7v2g210', 324, 0, 0, 0),
(2233, 'jncrtt56i5pj9fnc9ll7v2g210', 383, 0, 0, 0),
(2234, 'jncrtt56i5pj9fnc9ll7v2g210', 331, 0, 0, 0),
(2235, 'jncrtt56i5pj9fnc9ll7v2g210', 355, 0, 0, 0),
(2236, 'jncrtt56i5pj9fnc9ll7v2g210', 386, 0, 0, 0),
(2237, 'jncrtt56i5pj9fnc9ll7v2g210', 417, 0, 0, 0),
(2238, 'jncrtt56i5pj9fnc9ll7v2g210', 416, 0, 0, 0),
(2239, 'jncrtt56i5pj9fnc9ll7v2g210', 323, 0, 0, 0),
(2240, 'jncrtt56i5pj9fnc9ll7v2g210', 340, 0, 0, 0),
(2241, 'jncrtt56i5pj9fnc9ll7v2g210', 371, 0, 0, 0),
(2242, 'jncrtt56i5pj9fnc9ll7v2g210', 431, 0, 0, 0),
(2243, 'jncrtt56i5pj9fnc9ll7v2g210', 327, 0, 0, 0),
(2244, 'jncrtt56i5pj9fnc9ll7v2g210', 375, 0, 0, 0),
(2245, 'jncrtt56i5pj9fnc9ll7v2g210', 387, 272, 0, 0),
(2246, 'jncrtt56i5pj9fnc9ll7v2g210', 364, 0, 0, 0),
(2247, 'jncrtt56i5pj9fnc9ll7v2g210', 358, 0, 0, 0),
(2248, 'jncrtt56i5pj9fnc9ll7v2g210', 448, 0, 0, 0),
(2249, 'jncrtt56i5pj9fnc9ll7v2g210', 384, 0, 0, 0),
(2250, 'jncrtt56i5pj9fnc9ll7v2g210', 332, 0, 0, 0),
(2251, 'jncrtt56i5pj9fnc9ll7v2g210', 437, 0, 0, 0),
(2252, 'jncrtt56i5pj9fnc9ll7v2g210', 337, 0, 0, 0),
(2253, 'jncrtt56i5pj9fnc9ll7v2g210', 365, 0, 0, 0),
(2254, 'jncrtt56i5pj9fnc9ll7v2g210', 348, 0, 0, 0),
(2255, 'jncrtt56i5pj9fnc9ll7v2g210', 405, 0, 0, 0),
(2256, 'jncrtt56i5pj9fnc9ll7v2g210', 333, 0, 0, 0),
(2257, 'jncrtt56i5pj9fnc9ll7v2g210', 452, 0, 0, 0),
(2258, 'jncrtt56i5pj9fnc9ll7v2g210', 412, 0, 0, 0),
(2259, 'jncrtt56i5pj9fnc9ll7v2g210', 325, 0, 0, 0),
(2260, 'jncrtt56i5pj9fnc9ll7v2g210', 385, 0, 0, 0),
(2261, 'jncrtt56i5pj9fnc9ll7v2g210', 447, 0, 0, 0),
(2262, 'jncrtt56i5pj9fnc9ll7v2g210', 374, 0, 0, 0),
(2263, 'jncrtt56i5pj9fnc9ll7v2g210', 407, 0, 0, 0),
(2264, 'jncrtt56i5pj9fnc9ll7v2g210', 442, 0, 0, 0),
(2265, 'jncrtt56i5pj9fnc9ll7v2g210', 421, 410, 0, 75),
(2266, 'jncrtt56i5pj9fnc9ll7v2g210', 419, 0, 0, 0),
(2267, 'jncrtt56i5pj9fnc9ll7v2g210', 440, 485, 0, 75),
(2268, 'jncrtt56i5pj9fnc9ll7v2g210', 415, 0, 0, 0),
(2269, 'jncrtt56i5pj9fnc9ll7v2g210', 369, 0, 0, 0),
(2270, 'jncrtt56i5pj9fnc9ll7v2g210', 391, 0, 0, 0),
(2271, 'jncrtt56i5pj9fnc9ll7v2g210', 372, 0, 0, 0),
(2272, 'jncrtt56i5pj9fnc9ll7v2g210', 343, 0, 0, 0),
(2273, 'jncrtt56i5pj9fnc9ll7v2g210', 439, 0, 0, 0),
(2274, 'jncrtt56i5pj9fnc9ll7v2g210', 433, 0, 0, 0),
(2275, 'jncrtt56i5pj9fnc9ll7v2g210', 376, 0, 0, 0),
(2276, 'jncrtt56i5pj9fnc9ll7v2g210', 393, 0, 0, 0),
(2277, 'jncrtt56i5pj9fnc9ll7v2g210', 380, 0, 0, 0),
(2278, 'jncrtt56i5pj9fnc9ll7v2g210', 392, 0, 0, 0),
(2279, 'jncrtt56i5pj9fnc9ll7v2g210', 413, 0, 0, 0),
(2280, 'jncrtt56i5pj9fnc9ll7v2g210', 342, 0, 0, 0),
(2281, 'jncrtt56i5pj9fnc9ll7v2g210', 425, 0, 0, 0),
(2282, 'jncrtt56i5pj9fnc9ll7v2g210', 350, 122, 0, 50),
(2283, 'jncrtt56i5pj9fnc9ll7v2g210', 410, 0, 0, 0),
(2284, 'jncrtt56i5pj9fnc9ll7v2g210', 411, 0, 0, 0),
(2285, 'jncrtt56i5pj9fnc9ll7v2g210', 399, 0, 0, 0),
(2286, 'jncrtt56i5pj9fnc9ll7v2g210', 321, 0, 0, 0),
(2287, 'jncrtt56i5pj9fnc9ll7v2g210', 445, 0, 0, 0),
(2288, 'jncrtt56i5pj9fnc9ll7v2g210', 362, 0, 0, 0),
(2289, 'jncrtt56i5pj9fnc9ll7v2g210', 339, 0, 0, 0),
(2290, 'jncrtt56i5pj9fnc9ll7v2g210', 432, 0, 0, 0),
(2291, 'jncrtt56i5pj9fnc9ll7v2g210', 395, 0, 0, 0),
(2292, 'jncrtt56i5pj9fnc9ll7v2g210', 428, 0, 0, 0),
(2293, 'jncrtt56i5pj9fnc9ll7v2g210', 381, 0, 0, 0),
(2294, 'jncrtt56i5pj9fnc9ll7v2g210', 326, 0, 0, 0),
(2295, 'jncrtt56i5pj9fnc9ll7v2g210', 329, 0, 0, 0),
(2296, 'jncrtt56i5pj9fnc9ll7v2g210', 436, 0, 0, 0),
(2297, 'jncrtt56i5pj9fnc9ll7v2g210', 390, 283, 0, 0),
(2298, 'jncrtt56i5pj9fnc9ll7v2g210', 346, 0, 0, 0),
(2299, 'jncrtt56i5pj9fnc9ll7v2g210', 398, 314, 0, 100),
(2300, 'jncrtt56i5pj9fnc9ll7v2g210', 338, 0, 0, 0),
(2301, 'jncrtt56i5pj9fnc9ll7v2g210', 351, 0, 0, 0),
(2302, 'jncrtt56i5pj9fnc9ll7v2g210', 379, 0, 0, 0),
(2303, 'jncrtt56i5pj9fnc9ll7v2g210', 373, 0, 0, 0),
(2304, 'jncrtt56i5pj9fnc9ll7v2g210', 401, 0, 0, 0),
(2305, 'jncrtt56i5pj9fnc9ll7v2g210', 361, 0, 0, 0),
(2306, 'jncrtt56i5pj9fnc9ll7v2g210', 389, 0, 0, 0),
(2429, '75dvmidb0ncb4h390178cls7ri', 348, 0, 0, 0),
(2430, '75dvmidb0ncb4h390178cls7ri', 395, 0, 0, 0),
(2431, '75dvmidb0ncb4h390178cls7ri', 415, 0, 0, 0),
(2432, '75dvmidb0ncb4h390178cls7ri', 359, 0, 0, 0),
(2433, '75dvmidb0ncb4h390178cls7ri', 400, 0, 0, 0),
(2434, '75dvmidb0ncb4h390178cls7ri', 410, 0, 0, 0),
(2435, '75dvmidb0ncb4h390178cls7ri', 388, 0, 0, 0),
(2436, '75dvmidb0ncb4h390178cls7ri', 375, 0, 0, 0),
(2437, '75dvmidb0ncb4h390178cls7ri', 403, 0, 0, 0),
(2438, '75dvmidb0ncb4h390178cls7ri', 328, 0, 0, 0),
(2439, '75dvmidb0ncb4h390178cls7ri', 351, 0, 0, 0),
(2440, '75dvmidb0ncb4h390178cls7ri', 409, 0, 0, 0),
(2441, '75dvmidb0ncb4h390178cls7ri', 399, 0, 0, 0),
(2442, '75dvmidb0ncb4h390178cls7ri', 437, 0, 0, 0),
(2443, '75dvmidb0ncb4h390178cls7ri', 447, 0, 0, 0),
(2444, '75dvmidb0ncb4h390178cls7ri', 402, 0, 0, 0),
(2445, '75dvmidb0ncb4h390178cls7ri', 369, 0, 0, 0),
(2446, '75dvmidb0ncb4h390178cls7ri', 396, 0, 0, 0),
(2447, '75dvmidb0ncb4h390178cls7ri', 354, 0, 0, 0),
(2448, '75dvmidb0ncb4h390178cls7ri', 343, 0, 0, 0),
(2449, '75dvmidb0ncb4h390178cls7ri', 382, 0, 0, 0),
(2450, '75dvmidb0ncb4h390178cls7ri', 429, 0, 0, 0),
(2451, '75dvmidb0ncb4h390178cls7ri', 353, 0, 0, 0),
(2452, '75dvmidb0ncb4h390178cls7ri', 355, 0, 0, 0),
(2453, '75dvmidb0ncb4h390178cls7ri', 412, 0, 0, 0),
(2454, '75dvmidb0ncb4h390178cls7ri', 370, 0, 0, 0),
(2455, '75dvmidb0ncb4h390178cls7ri', 357, 0, 0, 0),
(2456, '75dvmidb0ncb4h390178cls7ri', 339, 0, 0, 0),
(2457, '75dvmidb0ncb4h390178cls7ri', 385, 0, 0, 0),
(2458, '75dvmidb0ncb4h390178cls7ri', 349, 0, 0, 0),
(2459, '75dvmidb0ncb4h390178cls7ri', 442, 0, 0, 0),
(2460, '75dvmidb0ncb4h390178cls7ri', 333, 0, 0, 0),
(2461, '75dvmidb0ncb4h390178cls7ri', 440, 485, 0, 75),
(2462, '75dvmidb0ncb4h390178cls7ri', 352, 0, 0, 0),
(2463, '75dvmidb0ncb4h390178cls7ri', 436, 0, 0, 0),
(2464, '75dvmidb0ncb4h390178cls7ri', 329, 0, 0, 0),
(2465, '75dvmidb0ncb4h390178cls7ri', 379, 0, 0, 0),
(2466, '75dvmidb0ncb4h390178cls7ri', 450, 0, 0, 0),
(2467, '75dvmidb0ncb4h390178cls7ri', 418, 0, 0, 0),
(2468, '75dvmidb0ncb4h390178cls7ri', 372, 0, 0, 0),
(2469, '75dvmidb0ncb4h390178cls7ri', 414, 0, 0, 0),
(2470, '75dvmidb0ncb4h390178cls7ri', 378, 0, 0, 0),
(2471, '75dvmidb0ncb4h390178cls7ri', 393, 0, 0, 0),
(2472, '75dvmidb0ncb4h390178cls7ri', 350, 122, 0, 50),
(2473, '75dvmidb0ncb4h390178cls7ri', 330, 0, 0, 0),
(2474, '75dvmidb0ncb4h390178cls7ri', 373, 0, 0, 0),
(2475, '75dvmidb0ncb4h390178cls7ri', 364, 0, 0, 0),
(2476, '75dvmidb0ncb4h390178cls7ri', 449, 0, 0, 0),
(2477, '75dvmidb0ncb4h390178cls7ri', 431, 0, 0, 0),
(2478, '75dvmidb0ncb4h390178cls7ri', 360, 0, 0, 0),
(2479, '75dvmidb0ncb4h390178cls7ri', 324, 0, 0, 0),
(2480, '75dvmidb0ncb4h390178cls7ri', 445, 0, 0, 0),
(2481, '75dvmidb0ncb4h390178cls7ri', 345, 0, 0, 0),
(2482, '75dvmidb0ncb4h390178cls7ri', 386, 0, 0, 0),
(2483, '75dvmidb0ncb4h390178cls7ri', 326, 0, 0, 0),
(2484, '75dvmidb0ncb4h390178cls7ri', 391, 0, 0, 0),
(2485, '75dvmidb0ncb4h390178cls7ri', 420, 0, 0, 0),
(2486, '75dvmidb0ncb4h390178cls7ri', 387, 272, 0, 0),
(2487, '75dvmidb0ncb4h390178cls7ri', 408, 358, 0, 50),
(2488, '75dvmidb0ncb4h390178cls7ri', 398, 314, 0, 100),
(2489, '75dvmidb0ncb4h390178cls7ri', 377, 0, 0, 0),
(2490, '75dvmidb0ncb4h390178cls7ri', 390, 283, 0, 0),
(2491, '75dvmidb0ncb4h390178cls7ri', 443, 0, 0, 0),
(2492, '75dvmidb0ncb4h390178cls7ri', 325, 0, 0, 0),
(2493, '75dvmidb0ncb4h390178cls7ri', 448, 0, 0, 0),
(2494, '75dvmidb0ncb4h390178cls7ri', 334, 0, 0, 0),
(2495, '75dvmidb0ncb4h390178cls7ri', 380, 0, 0, 0),
(2496, '75dvmidb0ncb4h390178cls7ri', 358, 0, 0, 0),
(2497, '75dvmidb0ncb4h390178cls7ri', 451, 0, 0, 0),
(2498, '75dvmidb0ncb4h390178cls7ri', 356, 0, 0, 0),
(2499, '75dvmidb0ncb4h390178cls7ri', 438, 0, 0, 0),
(2500, '75dvmidb0ncb4h390178cls7ri', 423, 0, 0, 0),
(2501, '75dvmidb0ncb4h390178cls7ri', 320, 0, 0, 0),
(2502, '75dvmidb0ncb4h390178cls7ri', 439, 0, 0, 0),
(2503, '75dvmidb0ncb4h390178cls7ri', 421, 410, 0, 75),
(2504, '75dvmidb0ncb4h390178cls7ri', 413, 0, 0, 0),
(2505, '75dvmidb0ncb4h390178cls7ri', 394, 0, 0, 0),
(2506, '75dvmidb0ncb4h390178cls7ri', 417, 0, 0, 0),
(2507, '75dvmidb0ncb4h390178cls7ri', 441, 0, 0, 0),
(2508, '75dvmidb0ncb4h390178cls7ri', 332, 0, 0, 0),
(2509, '75dvmidb0ncb4h390178cls7ri', 432, 0, 0, 0),
(2510, '75dvmidb0ncb4h390178cls7ri', 384, 0, 0, 0),
(2511, '75dvmidb0ncb4h390178cls7ri', 383, 0, 0, 0),
(2512, '75dvmidb0ncb4h390178cls7ri', 367, 0, 0, 0),
(2513, '75dvmidb0ncb4h390178cls7ri', 446, 0, 0, 0),
(2514, '75dvmidb0ncb4h390178cls7ri', 422, 414, 0, 0),
(2515, '75dvmidb0ncb4h390178cls7ri', 425, 0, 0, 0),
(2516, '75dvmidb0ncb4h390178cls7ri', 327, 0, 0, 0),
(2517, '75dvmidb0ncb4h390178cls7ri', 342, 0, 0, 0),
(2518, '75dvmidb0ncb4h390178cls7ri', 337, 0, 0, 0),
(2519, '75dvmidb0ncb4h390178cls7ri', 340, 0, 0, 0),
(2520, '75dvmidb0ncb4h390178cls7ri', 363, 0, 0, 0),
(2521, '75dvmidb0ncb4h390178cls7ri', 428, 0, 0, 0),
(2522, '75dvmidb0ncb4h390178cls7ri', 389, 0, 0, 0),
(2523, '75dvmidb0ncb4h390178cls7ri', 376, 0, 0, 0),
(2524, '75dvmidb0ncb4h390178cls7ri', 362, 0, 0, 0),
(2525, '75dvmidb0ncb4h390178cls7ri', 392, 0, 0, 0),
(2526, '75dvmidb0ncb4h390178cls7ri', 405, 0, 0, 0),
(2527, '75dvmidb0ncb4h390178cls7ri', 341, 0, 0, 0),
(2528, '75dvmidb0ncb4h390178cls7ri', 381, 0, 0, 0),
(2529, '75dvmidb0ncb4h390178cls7ri', 426, 0, 0, 0),
(2530, '75dvmidb0ncb4h390178cls7ri', 407, 0, 0, 0),
(2531, '75dvmidb0ncb4h390178cls7ri', 344, 0, 0, 0),
(2532, '75dvmidb0ncb4h390178cls7ri', 365, 0, 0, 0),
(2533, '75dvmidb0ncb4h390178cls7ri', 430, 0, 0, 0),
(2534, '75dvmidb0ncb4h390178cls7ri', 397, 0, 0, 0),
(2535, '75dvmidb0ncb4h390178cls7ri', 444, 0, 0, 0),
(2536, '75dvmidb0ncb4h390178cls7ri', 366, 0, 0, 0),
(2537, '75dvmidb0ncb4h390178cls7ri', 427, 0, 0, 0),
(2538, '75dvmidb0ncb4h390178cls7ri', 406, 0, 0, 0),
(2539, '75dvmidb0ncb4h390178cls7ri', 368, 0, 0, 0),
(2540, '75dvmidb0ncb4h390178cls7ri', 371, 0, 0, 0),
(2541, '75dvmidb0ncb4h390178cls7ri', 435, 0, 0, 0),
(2542, '75dvmidb0ncb4h390178cls7ri', 401, 0, 0, 0),
(2543, '75dvmidb0ncb4h390178cls7ri', 323, 0, 0, 0),
(2544, '75dvmidb0ncb4h390178cls7ri', 374, 0, 0, 0),
(2545, '75dvmidb0ncb4h390178cls7ri', 452, 0, 0, 0),
(2546, '75dvmidb0ncb4h390178cls7ri', 346, 0, 0, 0),
(2547, '75dvmidb0ncb4h390178cls7ri', 411, 0, 0, 0),
(2548, '75dvmidb0ncb4h390178cls7ri', 338, 0, 0, 0),
(2549, '75dvmidb0ncb4h390178cls7ri', 336, 0, 0, 0),
(2550, '75dvmidb0ncb4h390178cls7ri', 424, 0, 0, 0),
(2551, '75dvmidb0ncb4h390178cls7ri', 347, 0, 0, 0),
(2552, '75dvmidb0ncb4h390178cls7ri', 419, 0, 0, 0),
(2553, '75dvmidb0ncb4h390178cls7ri', 335, 0, 0, 0),
(2554, '75dvmidb0ncb4h390178cls7ri', 416, 0, 0, 0),
(2555, '75dvmidb0ncb4h390178cls7ri', 322, 0, 0, 0),
(2556, '75dvmidb0ncb4h390178cls7ri', 321, 0, 0, 0),
(2557, '75dvmidb0ncb4h390178cls7ri', 434, 0, 0, 0),
(2558, '75dvmidb0ncb4h390178cls7ri', 331, 0, 0, 0),
(2559, '75dvmidb0ncb4h390178cls7ri', 433, 0, 0, 0),
(2560, '75dvmidb0ncb4h390178cls7ri', 361, 0, 0, 0),
(2561, '75dvmidb0ncb4h390178cls7ri', 404, 0, 0, 0),
(2684, 'imjsbe1i06cf1o9gskrsoe6u57', 390, 283, 0, 0),
(2685, 'imjsbe1i06cf1o9gskrsoe6u57', 398, 314, 0, 100),
(2686, 'imjsbe1i06cf1o9gskrsoe6u57', 422, 414, 0, 0),
(2687, 'imjsbe1i06cf1o9gskrsoe6u57', 408, 358, 0, 50),
(2688, 'imjsbe1i06cf1o9gskrsoe6u57', 350, 122, 0, 50),
(2689, 'imjsbe1i06cf1o9gskrsoe6u57', 421, 410, 0, 75),
(2690, 'imjsbe1i06cf1o9gskrsoe6u57', 387, 272, 0, 0),
(2691, 'imjsbe1i06cf1o9gskrsoe6u57', 440, 485, 0, 75),
(2692, 'imjsbe1i06cf1o9gskrsoe6u57', 430, 0, 0, 0),
(2693, 'imjsbe1i06cf1o9gskrsoe6u57', 327, 0, 0, 0),
(2694, 'imjsbe1i06cf1o9gskrsoe6u57', 352, 0, 0, 0),
(2695, 'imjsbe1i06cf1o9gskrsoe6u57', 335, 0, 0, 0),
(2696, 'imjsbe1i06cf1o9gskrsoe6u57', 358, 0, 0, 0),
(2697, 'imjsbe1i06cf1o9gskrsoe6u57', 446, 0, 0, 0),
(2698, 'imjsbe1i06cf1o9gskrsoe6u57', 354, 0, 0, 0),
(2699, 'imjsbe1i06cf1o9gskrsoe6u57', 434, 0, 0, 0),
(2700, 'imjsbe1i06cf1o9gskrsoe6u57', 443, 0, 0, 0),
(2701, 'imjsbe1i06cf1o9gskrsoe6u57', 331, 0, 0, 0),
(2702, 'imjsbe1i06cf1o9gskrsoe6u57', 380, 0, 0, 0),
(2703, 'imjsbe1i06cf1o9gskrsoe6u57', 365, 0, 0, 0),
(2704, 'imjsbe1i06cf1o9gskrsoe6u57', 378, 0, 0, 0),
(2705, 'imjsbe1i06cf1o9gskrsoe6u57', 435, 0, 0, 0),
(2706, 'imjsbe1i06cf1o9gskrsoe6u57', 388, 0, 0, 0),
(2707, 'imjsbe1i06cf1o9gskrsoe6u57', 448, 0, 0, 0),
(2708, 'imjsbe1i06cf1o9gskrsoe6u57', 396, 0, 0, 0),
(2709, 'imjsbe1i06cf1o9gskrsoe6u57', 325, 0, 0, 0),
(2710, 'imjsbe1i06cf1o9gskrsoe6u57', 449, 0, 0, 0),
(2711, 'imjsbe1i06cf1o9gskrsoe6u57', 445, 0, 0, 0),
(2712, 'imjsbe1i06cf1o9gskrsoe6u57', 427, 0, 0, 0),
(2713, 'imjsbe1i06cf1o9gskrsoe6u57', 336, 0, 0, 0),
(2714, 'imjsbe1i06cf1o9gskrsoe6u57', 341, 0, 0, 0),
(2715, 'imjsbe1i06cf1o9gskrsoe6u57', 405, 0, 0, 0),
(2716, 'imjsbe1i06cf1o9gskrsoe6u57', 415, 0, 0, 0),
(2717, 'imjsbe1i06cf1o9gskrsoe6u57', 351, 0, 0, 0),
(2718, 'imjsbe1i06cf1o9gskrsoe6u57', 357, 0, 0, 0),
(2719, 'imjsbe1i06cf1o9gskrsoe6u57', 406, 0, 0, 0),
(2720, 'imjsbe1i06cf1o9gskrsoe6u57', 368, 0, 0, 0),
(2721, 'imjsbe1i06cf1o9gskrsoe6u57', 410, 0, 0, 0),
(2722, 'imjsbe1i06cf1o9gskrsoe6u57', 362, 0, 0, 0),
(2723, 'imjsbe1i06cf1o9gskrsoe6u57', 425, 0, 0, 0),
(2724, 'imjsbe1i06cf1o9gskrsoe6u57', 418, 0, 0, 0),
(2725, 'imjsbe1i06cf1o9gskrsoe6u57', 394, 0, 0, 0),
(2726, 'imjsbe1i06cf1o9gskrsoe6u57', 363, 0, 0, 0),
(2727, 'imjsbe1i06cf1o9gskrsoe6u57', 404, 0, 0, 0),
(2728, 'imjsbe1i06cf1o9gskrsoe6u57', 444, 0, 0, 0),
(2729, 'imjsbe1i06cf1o9gskrsoe6u57', 441, 0, 0, 0),
(2730, 'imjsbe1i06cf1o9gskrsoe6u57', 326, 0, 0, 0),
(2731, 'imjsbe1i06cf1o9gskrsoe6u57', 439, 0, 0, 0),
(2732, 'imjsbe1i06cf1o9gskrsoe6u57', 322, 0, 0, 0),
(2733, 'imjsbe1i06cf1o9gskrsoe6u57', 386, 0, 0, 0),
(2734, 'imjsbe1i06cf1o9gskrsoe6u57', 383, 0, 0, 0),
(2735, 'imjsbe1i06cf1o9gskrsoe6u57', 328, 0, 0, 0),
(2736, 'imjsbe1i06cf1o9gskrsoe6u57', 374, 0, 0, 0),
(2737, 'imjsbe1i06cf1o9gskrsoe6u57', 356, 0, 0, 0),
(2738, 'imjsbe1i06cf1o9gskrsoe6u57', 360, 0, 0, 0),
(2739, 'imjsbe1i06cf1o9gskrsoe6u57', 323, 0, 0, 0),
(2740, 'imjsbe1i06cf1o9gskrsoe6u57', 420, 0, 0, 0),
(2741, 'imjsbe1i06cf1o9gskrsoe6u57', 384, 0, 0, 0),
(2742, 'imjsbe1i06cf1o9gskrsoe6u57', 395, 0, 0, 0),
(2743, 'imjsbe1i06cf1o9gskrsoe6u57', 334, 0, 0, 0),
(2744, 'imjsbe1i06cf1o9gskrsoe6u57', 432, 0, 0, 0),
(2745, 'imjsbe1i06cf1o9gskrsoe6u57', 442, 0, 0, 0),
(2746, 'imjsbe1i06cf1o9gskrsoe6u57', 343, 0, 0, 0),
(2747, 'imjsbe1i06cf1o9gskrsoe6u57', 340, 0, 0, 0),
(2748, 'imjsbe1i06cf1o9gskrsoe6u57', 321, 0, 0, 0),
(2749, 'imjsbe1i06cf1o9gskrsoe6u57', 450, 0, 0, 0),
(2750, 'imjsbe1i06cf1o9gskrsoe6u57', 367, 0, 0, 0),
(2751, 'imjsbe1i06cf1o9gskrsoe6u57', 400, 0, 0, 0),
(2752, 'imjsbe1i06cf1o9gskrsoe6u57', 436, 0, 0, 0),
(2753, 'imjsbe1i06cf1o9gskrsoe6u57', 382, 0, 0, 0),
(2754, 'imjsbe1i06cf1o9gskrsoe6u57', 433, 0, 0, 0),
(2755, 'imjsbe1i06cf1o9gskrsoe6u57', 409, 0, 0, 0),
(2756, 'imjsbe1i06cf1o9gskrsoe6u57', 402, 0, 0, 0),
(2757, 'imjsbe1i06cf1o9gskrsoe6u57', 338, 0, 0, 0),
(2758, 'imjsbe1i06cf1o9gskrsoe6u57', 431, 0, 0, 0),
(2759, 'imjsbe1i06cf1o9gskrsoe6u57', 438, 0, 0, 0),
(2760, 'imjsbe1i06cf1o9gskrsoe6u57', 413, 0, 0, 0),
(2761, 'imjsbe1i06cf1o9gskrsoe6u57', 355, 0, 0, 0),
(2762, 'imjsbe1i06cf1o9gskrsoe6u57', 392, 0, 0, 0),
(2763, 'imjsbe1i06cf1o9gskrsoe6u57', 407, 0, 0, 0),
(2764, 'imjsbe1i06cf1o9gskrsoe6u57', 417, 0, 0, 0),
(2765, 'imjsbe1i06cf1o9gskrsoe6u57', 401, 0, 0, 0),
(2766, 'imjsbe1i06cf1o9gskrsoe6u57', 347, 0, 0, 0),
(2767, 'imjsbe1i06cf1o9gskrsoe6u57', 364, 0, 0, 0),
(2768, 'imjsbe1i06cf1o9gskrsoe6u57', 332, 0, 0, 0),
(2769, 'imjsbe1i06cf1o9gskrsoe6u57', 451, 0, 0, 0),
(2770, 'imjsbe1i06cf1o9gskrsoe6u57', 429, 0, 0, 0),
(2771, 'imjsbe1i06cf1o9gskrsoe6u57', 320, 0, 0, 0),
(2772, 'imjsbe1i06cf1o9gskrsoe6u57', 329, 0, 0, 0),
(2773, 'imjsbe1i06cf1o9gskrsoe6u57', 344, 0, 0, 0),
(2774, 'imjsbe1i06cf1o9gskrsoe6u57', 412, 0, 0, 0),
(2775, 'imjsbe1i06cf1o9gskrsoe6u57', 419, 0, 0, 0),
(2776, 'imjsbe1i06cf1o9gskrsoe6u57', 333, 0, 0, 0),
(2777, 'imjsbe1i06cf1o9gskrsoe6u57', 428, 0, 0, 0),
(2778, 'imjsbe1i06cf1o9gskrsoe6u57', 353, 0, 0, 0),
(2779, 'imjsbe1i06cf1o9gskrsoe6u57', 346, 0, 0, 0),
(2780, 'imjsbe1i06cf1o9gskrsoe6u57', 361, 0, 0, 0),
(2781, 'imjsbe1i06cf1o9gskrsoe6u57', 372, 0, 0, 0),
(2782, 'imjsbe1i06cf1o9gskrsoe6u57', 373, 0, 0, 0),
(2783, 'imjsbe1i06cf1o9gskrsoe6u57', 452, 0, 0, 0),
(2784, 'imjsbe1i06cf1o9gskrsoe6u57', 389, 0, 0, 0),
(2785, 'imjsbe1i06cf1o9gskrsoe6u57', 397, 0, 0, 0),
(2786, 'imjsbe1i06cf1o9gskrsoe6u57', 359, 0, 0, 0),
(2787, 'imjsbe1i06cf1o9gskrsoe6u57', 403, 0, 0, 0),
(2788, 'imjsbe1i06cf1o9gskrsoe6u57', 414, 0, 0, 0),
(2789, 'imjsbe1i06cf1o9gskrsoe6u57', 437, 0, 0, 0),
(2790, 'imjsbe1i06cf1o9gskrsoe6u57', 375, 0, 0, 0),
(2791, 'imjsbe1i06cf1o9gskrsoe6u57', 426, 0, 0, 0),
(2792, 'imjsbe1i06cf1o9gskrsoe6u57', 342, 0, 0, 0),
(2793, 'imjsbe1i06cf1o9gskrsoe6u57', 337, 0, 0, 0),
(2794, 'imjsbe1i06cf1o9gskrsoe6u57', 424, 0, 0, 0),
(2795, 'imjsbe1i06cf1o9gskrsoe6u57', 416, 0, 0, 0),
(2796, 'imjsbe1i06cf1o9gskrsoe6u57', 324, 0, 0, 0),
(2797, 'imjsbe1i06cf1o9gskrsoe6u57', 376, 0, 0, 0),
(2798, 'imjsbe1i06cf1o9gskrsoe6u57', 411, 0, 0, 0),
(2799, 'imjsbe1i06cf1o9gskrsoe6u57', 399, 0, 0, 0),
(2800, 'imjsbe1i06cf1o9gskrsoe6u57', 447, 0, 0, 0),
(2801, 'imjsbe1i06cf1o9gskrsoe6u57', 371, 0, 0, 0),
(2802, 'imjsbe1i06cf1o9gskrsoe6u57', 385, 0, 0, 0),
(2803, 'imjsbe1i06cf1o9gskrsoe6u57', 391, 0, 0, 0),
(2804, 'imjsbe1i06cf1o9gskrsoe6u57', 345, 0, 0, 0),
(2805, 'imjsbe1i06cf1o9gskrsoe6u57', 379, 0, 0, 0),
(2806, 'imjsbe1i06cf1o9gskrsoe6u57', 369, 0, 0, 0),
(2807, 'imjsbe1i06cf1o9gskrsoe6u57', 370, 0, 0, 0),
(2808, 'imjsbe1i06cf1o9gskrsoe6u57', 348, 0, 0, 0),
(2809, 'imjsbe1i06cf1o9gskrsoe6u57', 377, 0, 0, 0),
(2810, 'imjsbe1i06cf1o9gskrsoe6u57', 349, 0, 0, 0),
(2811, 'imjsbe1i06cf1o9gskrsoe6u57', 393, 0, 0, 0),
(2812, 'imjsbe1i06cf1o9gskrsoe6u57', 423, 0, 0, 0),
(2813, 'imjsbe1i06cf1o9gskrsoe6u57', 366, 0, 0, 0),
(2814, 'imjsbe1i06cf1o9gskrsoe6u57', 381, 0, 0, 0),
(2815, 'imjsbe1i06cf1o9gskrsoe6u57', 339, 0, 0, 0),
(2816, 'imjsbe1i06cf1o9gskrsoe6u57', 330, 0, 0, 0);

-- --------------------------------------------------------

--
-- Structure de la table `session_resultat`
--

CREATE TABLE `session_resultat` (
  `session_resultat_ID` int(11) NOT NULL,
  `session_resultat_code` varchar(3) DEFAULT NULL,
  `session_resultat_points_max` decimal(4,2) DEFAULT NULL,
  `Libellé` varchar(341) DEFAULT NULL
) ENGINE=InnoDB DEFAULT CHARSET=utf8 COLLATE=utf8_general_ci;

--
-- Déchargement des données de la table `session_resultat`
--

INSERT INTO `session_resultat` (`session_resultat_ID`, `session_resultat_code`, `session_resultat_points_max`, `Libellé`) VALUES
(1, 'CEF', 0.30, 'Le français ne semble pas être votre tasse de thé ! C\'est pourtant indispensable. Si vous êtes effectivement un peu faible dans ce domaine, pensez à vous améliorer dans ce sens.'),
(2, 'CEF', 0.70, 'Pas de problème particulier dans ce domaine, vous ne semblez cependant pas être un littéraire chevroné.'),
(3, 'CEF', 1.00, 'Vous semblez avoir de très bonnes compétences dans ce domaine. Pensez à mettre cela en avant dans votre CV ou votre portfolio.'),
(4, 'CLE', 0.30, 'Les langues ne sont pas votre fort ! Ce n\'est pas indispensable de connaitre plusieurs langues. Ceci-dit, connaître un minimum d\'anglais est toujours utile. Pensez-y...'),
(5, 'CLE', 0.70, 'Vous semblez avoir quelques aptitudes en langues. Vous pouvez les mettre en valeur dans votre CV ou portfolio, en précisant pour chaque langue votre niveau de maîtrise.'),
(6, 'CLE', 1.00, 'Vous semblez avoir de bonnes compétences en langues. C\'est vraiment un atout. Pensez à mettre cela en avant dans votre CV ou votre portfolio.'),
(7, 'CUM', 0.30, 'Les maths vous sont un peu étrangères, n\'est-ce pas ? On peut très bien vivre sans, mais sachez tout de même qu\'elles sont parfois utiles dans la vie quotidienne...'),
(8, 'CUM', 0.70, 'Les maths, ce n\'est pas votre vocation mais vous vous y intéressez si besoin. Pourquoi ne pas essayer de valoriser un peu plus vos connaissances dans ce domaine ?'),
(9, 'CUM', 1.00, 'Vous semblez avoir de bonnes compétences en maths, c\'est peut-être un aspect fort de vos compétences. Pensez à mettre cela en avant dans votre CV ou votre portfolio, et réfléchissez aux applications possibles de cette compétence au regard des autres domaines.'),
(10, 'CUN', 0.30, 'Ca ne vous intéresse pas ? Ce n\'est pas indispensable pour vivre mais cela peut être utile. Essayer d\'avoir un minimum de culture numérique, même si vous n\'êtes pas pratiquant chevronné.'),
(11, 'CUN', 1.00, 'L\'informatique ne vous rend pas allergique ! Vous semblez y porter un certain intérêt, sans être un chevronné. Pensez à ce que vous maîtrisez dans ce domaine, et en quoi cela peut s\'appliquer aux besoins actuels pour l\'emploi. Valorisez ceci dans votre CV ou votre portfolio.'),
(12, 'CUN', 1.00, 'Vous semblez apprécier les technologies. Même si vous pratiquez essentiellement l\'informatique ludique, peut-être que vos connaissances peuvent être très utiles dans le milieu professionnel. Elles font de vous quelqu\'un de potentiellement créatif avec ces nouveaux outils. Valorisez ceci dans votre CV ou votre portfolio.'),
(13, 'AAA', 0.50, 'Vous semblez peu conscient de l\'intérêt d\'apprendre à apprendre. Pourtant c\'est très important. Il existe de nombreuses ressources pour s\'informer, se former, se documenter. Essayer d\'en parler avec la personne qui vous assiste dans votre parcours, afin de voir comment vous pouvez améliorer votre façon d\'apprendre au quotidien.'),
(14, 'AAA', 1.00, 'Vous semblez conscient de l\'intérêt d\'apprendre à apprendre. C\'est très important. Cela peut vouloir dire que vous êtes assez autonome et capable d\'absorber des connaissances à partir de votre activité. Parlez-en avec la personne qui vous assiste dans votre parcours. Elle pourra vous aider à valoriser ceci dans votre CV ou votre portfolio.'),
(15, 'CIS', 0.42, 'Etes-vous un peu renfermé sur vous même ? Peu intéressé par ce qui se passe autour de vous ? C\'est ce que semble indiquer vos réponse aux questions. Peut-être devriez-vous plus vous impliquer dans des associations ou autres formes de vie sociale.'),
(16, 'CIS', 1.00, 'Vous semblez assez ouvert sur le monde extérieur. Peut-être êtes-vous impliqué dans des associations ou autres formes de vie sociale. Pensez à valoriser ceci dans votre CV ou votre portfolio.'),
(17, 'EDE', 0.50, 'Etes-vous entreprenant, au sens du texte ci-dessus ? Savez-vous passer des idées aux actes ? Le test semble dire que vous êtes plutôt en retrait dans ce domaine. Voyez comment les choses peuvent être améliorées, si vous-même pensez que votre test dit vrai.'),
(18, 'EDE', 1.00, 'Vous semblez avoir un certain esprit d\'entreprise, au sens du texte ci-dessus. Il semble que vous sachiez passer des idées aux actes. Essayer de voir chez vous ce qui peut justifier cela et être valorisé dans le CV ou le portfolio.'),
(19, 'ECU', 0.42, 'Est-ce que l\'expression culturelle vous concerne vraiment ? Peu semble-t-il. C\'est pourtant important. Voyez avec votre accompagnant comment impulser des choses dans ce domaine.'),
(20, 'ECU', 1.00, 'Vous semblez avoir un certain intérêt pour l\'expression culturelle de façon générale. Voyez précisément quelles de vos activités peuvent être valorisées pour votre vie professionnelle.');

--
-- Index pour les tables déchargées
--

--
-- Index pour la table `categorie_questions`
--
ALTER TABLE `categorie_questions`
  ADD PRIMARY KEY (`ID_categ`);

--
-- Index pour la table `categorie_reponses`
--
ALTER TABLE `categorie_reponses`
  ADD PRIMARY KEY (`ID_categ_reponse`),
  ADD KEY `ID_categ_question` (`ID_categ_question`);

--
-- Index pour la table `questions`
--
ALTER TABLE `questions`
  ADD PRIMARY KEY (`ID_question`),
  ADD KEY `ID_categ_question` (`ID_categ_question`);

--
-- Index pour la table `reponses`
--
ALTER TABLE `reponses`
  ADD PRIMARY KEY (`ID_reponse`),
  ADD KEY `ID_Question_reponse` (`ID_Question_reponse`);

--
-- Index pour la table `session_reponses`
--
ALTER TABLE `session_reponses`
  ADD PRIMARY KEY (`session_reponse_ID`);

--
-- Index pour la table `session_resultat`
--
ALTER TABLE `session_resultat`
  ADD PRIMARY KEY (`session_resultat_ID`);

--
-- AUTO_INCREMENT pour les tables déchargées
--

--
-- AUTO_INCREMENT pour la table `session_reponses`
--
ALTER TABLE `session_reponses`
  MODIFY `session_reponse_ID` int(11) NOT NULL AUTO_INCREMENT, AUTO_INCREMENT=2817;

--
-- AUTO_INCREMENT pour la table `session_resultat`
--
ALTER TABLE `session_resultat`
  MODIFY `session_resultat_ID` int(11) NOT NULL AUTO_INCREMENT, AUTO_INCREMENT=21;

--
-- Contraintes pour les tables déchargées
--

--
-- Contraintes pour la table `questions`
--
ALTER TABLE `questions`
  ADD CONSTRAINT `questions_ibfk_1` FOREIGN KEY (`ID_categ_question`) REFERENCES `categorie_questions` (`ID_categ`);

--
-- Contraintes pour la table `reponses`
--
ALTER TABLE `reponses`
  ADD CONSTRAINT `reponses_ibfk_1` FOREIGN KEY (`ID_Question_reponse`) REFERENCES `questions` (`ID_question`);
COMMIT;

/*!40101 SET CHARACTER_SET_CLIENT=@OLD_CHARACTER_SET_CLIENT */;
/*!40101 SET CHARACTER_SET_RESULTS=@OLD_CHARACTER_SET_RESULTS */;
/*!40101 SET COLLATION_CONNECTION=@OLD_COLLATION_CONNECTION */;
